西元年,月,日,星期,總運量,日期,是否為節日
2015,1,1,四,1796950,2015-01-01,是
2015,1,2,五,1830184,2015-01-02,是
2015,1,3,六,1802037,2015-01-03,是
2015,1,4,日,1585463,2015-01-04,是
2015,1,5,一,1915326,2015-01-05,否
2015,1,6,二,1945591,2015-01-06,否
2015,1,7,三,1965860,2015-01-07,否
2015,1,8,四,1987913,2015-01-08,否
2015,1,9,五,2163929,2015-01-09,否
2015,1,10,六,1897089,2015-01-10,是
2015,1,11,日,1551238,2015-01-11,是
2015,1,12,一,1935793,2015-01-12,否
2015,1,13,二,1954358,2015-01-13,否
2015,1,14,三,1969032,2015-01-14,否
2015,1,15,四,2003565,2015-01-15,否
2015,1,16,五,2212934,2015-01-16,否
2015,1,17,六,1884434,2015-01-17,是
2015,1,18,日,1631624,2015-01-18,是
2015,1,19,一,1913736,2015-01-19,否
2015,1,20,二,2012293,2015-01-20,否
2015,1,21,三,1976113,2015-01-21,否
2015,1,22,四,1992942,2015-01-22,否
2015,1,23,五,2142013,2015-01-23,否
2015,1,24,六,1901482,2015-01-24,是
2015,1,25,日,1596872,2015-01-25,是
2015,1,26,一,1904495,2015-01-26,否
2015,1,27,二,2055511,2015-01-27,否
2015,1,28,三,2022619,2015-01-28,否
2015,1,29,四,2041400,2015-01-29,否
2015,1,30,五,2148037,2015-01-30,否
2015,1,31,六,1951006,2015-01-31,是
2015,2,1,日,1674182,2015-02-01,是
2015,2,2,一,1964993,2015-02-02,否
2015,2,3,二,2043308,2015-02-03,否
2015,2,4,三,2037181,2015-02-04,否
2015,2,5,四,2070304,2015-02-05,否
2015,2,6,五,2217979,2015-02-06,否
2015,2,7,六,1971770,2015-02-07,是
2015,2,8,日,1677919,2015-02-08,是
2015,2,9,一,2023553,2015-02-09,否
2015,2,10,二,2152075,2015-02-10,否
2015,2,11,三,2174660,2015-02-11,否
2015,2,12,四,2191011,2015-02-12,否
2015,2,13,五,2310343,2015-02-13,否
2015,2,14,六,1972064,2015-02-14,是
2015,2,15,日,1636321,2015-02-15,是
2015,2,16,一,2007257,2015-02-16,否
2015,2,17,二,1761184,2015-02-17,否
2015,2,18,三,751526,2015-02-18,是
2015,2,19,四,1342552,2015-02-19,是
2015,2,20,五,1356261,2015-02-20,是
2015,2,21,六,1678593,2015-02-21,是
2015,2,22,日,1653840,2015-02-22,是
2015,2,23,一,1578871,2015-02-23,是
2015,2,24,二,1980871,2015-02-24,否
2015,2,25,三,2037969,2015-02-25,否
2015,2,26,四,2152779,2015-02-26,否
2015,2,27,五,2031991,2015-02-27,是
2015,2,28,六,2081276,2015-02-28,是
2015,3,1,日,1715067,2015-03-01,是
2015,3,2,一,1994187,2015-03-02,否
2015,3,3,二,2054679,2015-03-03,否
2015,3,4,三,2074934,2015-03-04,否
2015,3,5,四,2081005,2015-03-05,否
2015,3,6,五,2303705,2015-03-06,否
2015,3,7,六,2165069,2015-03-07,是
2015,3,8,日,1856581,2015-03-08,是
2015,3,9,一,1976908,2015-03-09,否
2015,3,10,二,2043045,2015-03-10,否
2015,3,11,三,2074794,2015-03-11,否
2015,3,12,四,2089203,2015-03-12,否
2015,3,13,五,2277913,2015-03-13,否
2015,3,14,六,2130819,2015-03-14,是
2015,3,15,日,1752420,2015-03-15,是
2015,3,16,一,1986568,2015-03-16,否
2015,3,17,二,2023027,2015-03-17,否
2015,3,18,三,2074299,2015-03-18,否
2015,3,19,四,2074453,2015-03-19,否
2015,3,20,五,2261770,2015-03-20,否
2015,3,21,六,1996906,2015-03-21,是
2015,3,22,日,1642602,2015-03-22,是
2015,3,23,一,1955818,2015-03-23,否
2015,3,24,二,2027070,2015-03-24,否
2015,3,25,三,2075806,2015-03-25,否
2015,3,26,四,2102538,2015-03-26,否
2015,3,27,五,2306849,2015-03-27,否
2015,3,28,六,2042943,2015-03-28,是
2015,3,29,日,1723325,2015-03-29,是
2015,3,30,一,1962335,2015-03-30,否
2015,3,31,二,2001689,2015-03-31,否
2015,4,1,三,2048305,2015-04-01,否
2015,4,2,四,2158720,2015-04-02,否
2015,4,3,五,1769724,2015-04-03,是
2015,4,4,六,1674820,2015-04-04,是
2015,4,5,日,1510349,2015-04-05,是
2015,4,6,一,1579297,2015-04-06,是
2015,4,7,二,1983465,2015-04-07,否
2015,4,8,三,2028915,2015-04-08,否
2015,4,9,四,2061803,2015-04-09,否
2015,4,10,五,2275422,2015-04-10,否
2015,4,11,六,1966373,2015-04-11,是
2015,4,12,日,1656018,2015-04-12,是
2015,4,13,一,1968264,2015-04-13,否
2015,4,14,二,2003426,2015-04-14,否
2015,4,15,三,2025021,2015-04-15,否
2015,4,16,四,2014753,2015-04-16,否
2015,4,17,五,2188779,2015-04-17,否
2015,4,18,六,1958707,2015-04-18,是
2015,4,19,日,1618031,2015-04-19,是
2015,4,20,一,1929198,2015-04-20,否
2015,4,21,二,1954680,2015-04-21,否
2015,4,22,三,1997117,2015-04-22,否
2015,4,23,四,2000629,2015-04-23,否
2015,4,24,五,2201347,2015-04-24,否
2015,4,25,六,2016736,2015-04-25,是
2015,4,26,日,1693935,2015-04-26,是
2015,4,27,一,1941963,2015-04-27,否
2015,4,28,二,1984661,2015-04-28,否
2015,4,29,三,2019740,2015-04-29,否
2015,4,30,四,2102457,2015-04-30,否
2015,5,1,五,2017620,2015-05-01,是
2015,5,2,六,1985334,2015-05-02,是
2015,5,3,日,1708675,2015-05-03,是
2015,5,4,一,2021378,2015-05-04,否
2015,5,5,二,2036682,2015-05-05,否
2015,5,6,三,2022455,2015-05-06,否
2015,5,7,四,2032029,2015-05-07,否
2015,5,8,五,2224602,2015-05-08,否
2015,5,9,六,1850816,2015-05-09,是
2015,5,10,日,1514055,2015-05-10,是
2015,5,11,一,1936196,2015-05-11,否
2015,5,12,二,1979123,2015-05-12,否
2015,5,13,三,1991817,2015-05-13,否
2015,5,14,四,2000535,2015-05-14,否
2015,5,15,五,2247198,2015-05-15,否
2015,5,16,六,1997653,2015-05-16,是
2015,5,17,日,1716639,2015-05-17,是
2015,5,18,一,1930446,2015-05-18,否
2015,5,19,二,1965127,2015-05-19,否
2015,5,20,三,1990712,2015-05-20,否
2015,5,21,四,2021880,2015-05-21,否
2015,5,22,五,2201210,2015-05-22,否
2015,5,23,六,1979735,2015-05-23,是
2015,5,24,日,1635157,2015-05-24,是
2015,5,25,一,2005654,2015-05-25,否
2015,5,26,二,1986520,2015-05-26,否
2015,5,27,三,2006424,2015-05-27,否
2015,5,28,四,2011965,2015-05-28,否
2015,5,29,五,2183427,2015-05-29,否
2015,5,30,六,1941473,2015-05-30,是
2015,5,31,日,1619120,2015-05-31,是
2015,6,1,一,1924451,2015-06-01,否
2015,6,2,二,1972450,2015-06-02,否
2015,6,3,三,2021093,2015-06-03,否
2015,6,4,四,2030356,2015-06-04,否
2015,6,5,五,2232110,2015-06-05,否
2015,6,6,六,1951840,2015-06-06,是
2015,6,7,日,1602443,2015-06-07,是
2015,6,8,一,1923407,2015-06-08,否
2015,6,9,二,1957916,2015-06-09,否
2015,6,10,三,1996798,2015-06-10,否
2015,6,11,四,2007356,2015-06-11,否
2015,6,12,五,2188828,2015-06-12,否
2015,6,13,六,2001983,2015-06-13,是
2015,6,14,日,1625054,2015-06-14,是
2015,6,15,一,1949529,2015-06-15,否
2015,6,16,二,2006125,2015-06-16,否
2015,6,17,三,2021431,2015-06-17,否
2015,6,18,四,2112406,2015-06-18,否
2015,6,19,五,1548038,2015-06-19,是
2015,6,20,六,1365272,2015-06-20,是
2015,6,21,日,1406174,2015-06-21,是
2015,6,22,一,1921572,2015-06-22,否
2015,6,23,二,1963001,2015-06-23,否
2015,6,24,三,2004488,2015-06-24,否
2015,6,25,四,2055584,2015-06-25,否
2015,6,26,五,2212425,2015-06-26,否
2015,6,27,六,1933774,2015-06-27,是
2015,6,28,日,1570847,2015-06-28,是
2015,6,29,一,1962023,2015-06-29,否
2015,6,30,二,2099628,2015-06-30,否
2015,7,1,三,2019721,2015-07-01,否
2015,7,2,四,2018111,2015-07-02,否
2015,7,3,五,2140847,2015-07-03,否
2015,7,4,六,1875436,2015-07-04,是
2015,7,5,日,1633331,2015-07-05,是
2015,7,6,一,2037252,2015-07-06,否
2015,7,7,二,2014158,2015-07-07,否
2015,7,8,三,2012914,2015-07-08,否
2015,7,9,四,2010901,2015-07-09,否
2015,7,10,五,742323,2015-07-10,否
2015,7,11,六,1818059,2015-07-11,是
2015,7,12,日,1656037,2015-07-12,是
2015,7,13,一,2040895,2015-07-13,否
2015,7,14,二,2053764,2015-07-14,否
2015,7,15,三,2076546,2015-07-15,否
2015,7,16,四,2065867,2015-07-16,否
2015,7,17,五,2193097,2015-07-17,否
2015,7,18,六,1967738,2015-07-18,是
2015,7,19,日,1657381,2015-07-19,是
2015,7,20,一,1981520,2015-07-20,否
2015,7,21,二,2006147,2015-07-21,否
2015,7,22,三,2031714,2015-07-22,否
2015,7,23,四,1993977,2015-07-23,否
2015,7,24,五,2165129,2015-07-24,否
2015,7,25,六,1919578,2015-07-25,是
2015,7,26,日,1653013,2015-07-26,是
2015,7,27,一,1944393,2015-07-27,否
2015,7,28,二,2014723,2015-07-28,否
2015,7,29,三,2051719,2015-07-29,否
2015,7,30,四,2029663,2015-07-30,否
2015,7,31,五,2168777,2015-07-31,否
2015,8,1,六,1889055,2015-08-01,是
2015,8,2,日,1619236,2015-08-02,是
2015,8,3,一,1974161,2015-08-03,否
2015,8,4,二,2019424,2015-08-04,否
2015,8,5,三,2075561,2015-08-05,否
2015,8,6,四,2098273,2015-08-06,否
2015,8,7,五,1723750,2015-08-07,否
2015,8,8,六,418145,2015-08-08,是
2015,8,9,日,1599329,2015-08-09,是
2015,8,10,一,2051206,2015-08-10,否
2015,8,11,二,2102735,2015-08-11,否
2015,8,12,三,2116807,2015-08-12,否
2015,8,13,四,2076236,2015-08-13,否
2015,8,14,五,2225728,2015-08-14,否
2015,8,15,六,2020878,2015-08-15,是
2015,8,16,日,1697682,2015-08-16,是
2015,8,17,一,2001124,2015-08-17,否
2015,8,18,二,2043688,2015-08-18,否
2015,8,19,三,2099317,2015-08-19,否
2015,8,20,四,2112100,2015-08-20,否
2015,8,21,五,2129921,2015-08-21,否
2015,8,22,六,1694436,2015-08-22,是
2015,8,23,日,1404687,2015-08-23,是
2015,8,24,一,1980190,2015-08-24,否
2015,8,25,二,2057150,2015-08-25,否
2015,8,26,三,2093854,2015-08-26,否
2015,8,27,四,2022706,2015-08-27,否
2015,8,28,五,2059565,2015-08-28,否
2015,8,29,六,1893035,2015-08-29,是
2015,8,30,日,1640215,2015-08-30,是
2015,8,31,一,1955864,2015-08-31,否
2015,9,1,二,1959545,2015-09-01,否
2015,9,2,三,2002423,2015-09-02,否
2015,9,3,四,2033770,2015-09-03,是
2015,9,4,五,2178670,2015-09-04,否
2015,9,5,六,1914113,2015-09-05,是
2015,9,6,日,1636131,2015-09-06,是
2015,9,7,一,1983873,2015-09-07,否
2015,9,8,二,2020302,2015-09-08,否
2015,9,9,三,2031625,2015-09-09,否
2015,9,10,四,2053844,2015-09-10,否
2015,9,11,五,2198038,2015-09-11,否
2015,9,12,六,2005731,2015-09-12,是
2015,9,13,日,1697950,2015-09-13,是
2015,9,14,一,2028392,2015-09-14,否
2015,9,15,二,2045651,2015-09-15,否
2015,9,16,三,2049277,2015-09-16,否
2015,9,17,四,2036907,2015-09-17,否
2015,9,18,五,2224876,2015-09-18,否
2015,9,19,六,1996811,2015-09-19,是
2015,9,20,日,1716051,2015-09-20,是
2015,9,21,一,2000623,2015-09-21,否
2015,9,22,二,2036969,2015-09-22,否
2015,9,23,三,2057760,2015-09-23,否
2015,9,24,四,2069696,2015-09-24,否
2015,9,25,五,2273736,2015-09-25,否
2015,9,26,六,1703801,2015-09-26,是
2015,9,27,日,1312132,2015-09-27,是
2015,9,28,一,685240,2015-09-28,是
2015,9,29,二,1129016,2015-09-29,否
2015,9,30,三,2055236,2015-09-30,否
2015,10,1,四,2077459,2015-10-01,否
2015,10,2,五,2271503,2015-10-02,否
2015,10,3,六,2010513,2015-10-03,是
2015,10,4,日,1679532,2015-10-04,是
2015,10,5,一,2037441,2015-10-05,否
2015,10,6,二,2085377,2015-10-06,否
2015,10,7,三,2094563,2015-10-07,否
2015,10,8,四,2234838,2015-10-08,否
2015,10,9,五,1708022,2015-10-09,是
2015,10,10,六,1746278,2015-10-10,是
2015,10,11,日,1569192,2015-10-11,是
2015,10,12,一,1979908,2015-10-12,否
2015,10,13,二,2022616,2015-10-13,否
2015,10,14,三,2058401,2015-10-14,是
2015,10,15,四,2074445,2015-10-15,是
2015,10,16,五,2252187,2015-10-16,否
2015,10,17,六,2046525,2015-10-17,是
2015,10,18,日,1743384,2015-10-18,是
2015,10,19,一,1978958,2015-10-19,否
2015,10,20,二,2031443,2015-10-20,否
2015,10,21,三,2060621,2015-10-21,是
2015,10,22,四,2086785,2015-10-22,是
2015,10,23,五,2284367,2015-10-23,否
2015,10,24,六,2006749,2015-10-24,是
2015,10,25,日,1781784,2015-10-25,是
2015,10,26,一,1974472,2015-10-26,否
2015,10,27,二,2021286,2015-10-27,否
2015,10,28,三,2050430,2015-10-28,是
2015,10,29,四,2050111,2015-10-29,是
2015,10,30,五,2251752,2015-10-30,否
2015,10,31,六,2025217,2015-10-31,是
2015,11,1,日,1671763,2015-11-01,是
2015,11,2,一,1998234,2015-11-02,否
2015,11,3,二,2013795,2015-11-03,否
2015,11,4,三,2046859,2015-11-04,否
2015,11,5,四,2074025,2015-11-05,否
2015,11,6,五,2272849,2015-11-06,否
2015,11,7,六,2060447,2015-11-07,是
2015,11,8,日,1717293,2015-11-08,是
2015,11,9,一,2004411,2015-11-09,否
2015,11,10,二,2029280,2015-11-10,否
2015,11,11,三,2057982,2015-11-11,否
2015,11,12,四,2106202,2015-11-12,否
2015,11,13,五,2330583,2015-11-13,否
2015,11,14,六,2128618,2015-11-14,否
2015,11,15,日,1811585,2015-11-15,否
2015,11,16,一,2058469,2015-11-16,否
2015,11,17,二,2047236,2015-11-17,否
2015,11,18,三,2092090,2015-11-18,否
2015,11,19,四,2096812,2015-11-19,否
2015,11,20,五,2303473,2015-11-20,否
2015,11,21,六,2018972,2015-11-21,否
2015,11,22,日,1777061,2015-11-22,否
2015,11,23,一,2027454,2015-11-23,否
2015,11,24,二,2033092,2015-11-24,否
2015,11,25,三,2068603,2015-11-25,否
2015,11,26,四,2096030,2015-11-26,否
2015,11,27,五,2276186,2015-11-27,否
2015,11,28,六,2013730,2015-11-28,否
2015,11,29,日,1692555,2015-11-29,否
2015,11,30,一,1983381,2015-11-30,否
2015,12,1,二,2007814,2015-12-01,否
2015,12,2,三,2056934,2015-12-02,否
2015,12,3,四,2081596,2015-12-03,否
2015,12,4,五,2300963,2015-12-04,否
2015,12,5,六,2154767,2015-12-05,是
2015,12,6,日,1725955,2015-12-06,是
2015,12,7,一,2027995,2015-12-07,否
2015,12,8,二,2070285,2015-12-08,否
2015,12,9,三,2101330,2015-12-09,否
2015,12,10,四,2131373,2015-12-10,否
2015,12,11,五,2342559,2015-12-11,否
2015,12,12,六,2201670,2015-12-12,是
2015,12,13,日,1888303,2015-12-13,是
2015,12,14,一,2067831,2015-12-14,否
2015,12,15,二,2089276,2015-12-15,否
2015,12,16,三,2102334,2015-12-16,否
2015,12,17,四,2140498,2015-12-17,否
2015,12,18,五,2367580,2015-12-18,否
2015,12,19,六,2241560,2015-12-19,是
2015,12,20,日,1896688,2015-12-20,是
2015,12,21,一,2077206,2015-12-21,否
2015,12,22,二,2107234,2015-12-22,否
2015,12,23,三,2185687,2015-12-23,否
2015,12,24,四,2250695,2015-12-24,否
2015,12,25,五,2448812,2015-12-25,否
2015,12,26,六,2132266,2015-12-26,是
2015,12,27,日,1727389,2015-12-27,是
2015,12,28,一,2134250,2015-12-28,否
2015,12,29,二,2182188,2015-12-29,否
2015,12,30,三,2270704,2015-12-30,否
2015,12,31,四,3028347,2015-12-31,否
2016,1,1,五,1873454,2016-01-01,是
2016,1,2,六,1846862,2016-01-02,是
2016,1,3,日,1507044,2016-01-03,是
2016,1,4,一,1991063,2016-01-04,否
2016,1,5,二,2044627,2016-01-05,否
2016,1,6,三,2083830,2016-01-06,否
2016,1,7,四,2086100,2016-01-07,否
2016,1,8,五,2272659,2016-01-08,否
2016,1,9,六,2028194,2016-01-09,是
2016,1,10,日,1638885,2016-01-10,是
2016,1,11,一,2038895,2016-01-11,否
2016,1,12,二,2062860,2016-01-12,否
2016,1,13,三,2088213,2016-01-13,否
2016,1,14,四,2132908,2016-01-14,否
2016,1,15,五,2358448,2016-01-15,否
2016,1,16,六,1734775,2016-01-16,是
2016,1,17,日,1489059,2016-01-17,是
2016,1,18,一,2051236,2016-01-18,否
2016,1,19,二,2090992,2016-01-19,否
2016,1,20,三,2240207,2016-01-20,否
2016,1,21,四,2148132,2016-01-21,否
2016,1,22,五,2308657,2016-01-22,否
2016,1,23,六,1862081,2016-01-23,是
2016,1,24,日,1581829,2016-01-24,是
2016,1,25,一,2035606,2016-01-25,否
2016,1,26,二,2164421,2016-01-26,否
2016,1,27,三,2165515,2016-01-27,否
2016,1,28,四,2164245,2016-01-28,否
2016,1,29,五,2285823,2016-01-29,否
2016,1,30,六,2250688,2016-01-30,否
2016,1,31,日,1863818,2016-01-31,是
2016,2,1,一,2170556,2016-02-01,否
2016,2,2,二,2212891,2016-02-02,否
2016,2,3,三,2231390,2016-02-03,否
2016,2,4,四,2200381,2016-02-04,否
2016,2,5,五,2120625,2016-02-05,否
2016,2,6,六,1266416,2016-02-06,是
2016,2,7,日,796923,2016-02-07,是
2016,2,8,一,1335813,2016-02-08,是
2016,2,9,二,1378436,2016-02-09,是
2016,2,10,三,1643528,2016-02-10,是
2016,2,11,四,1679013,2016-02-11,是
2016,2,12,五,1827352,2016-02-12,是
2016,2,13,六,1904232,2016-02-13,是
2016,2,14,日,1571141,2016-02-14,是
2016,2,15,一,2028640,2016-02-15,否
2016,2,16,二,2085919,2016-02-16,否
2016,2,17,三,2136856,2016-02-17,否
2016,2,18,四,2158920,2016-02-18,否
2016,2,19,五,2311918,2016-02-19,否
2016,2,20,六,2115034,2016-02-20,是
2016,2,21,日,1884439,2016-02-21,是
2016,2,22,一,2140084,2016-02-22,否
2016,2,23,二,2143574,2016-02-23,否
2016,2,24,三,2173495,2016-02-24,否
2016,2,25,四,2171076,2016-02-25,否
2016,2,26,五,2380611,2016-02-26,否
2016,2,27,六,1942140,2016-02-27,是
2016,2,28,日,2123822,2016-02-28,是
2016,2,29,一,1745717,2016-02-29,是
2016,3,1,二,2070860,2016-03-01,否
2016,3,2,三,2120446,2016-03-02,否
2016,3,3,四,2125366,2016-03-03,否
2016,3,4,五,2326502,2016-03-04,否
2016,3,5,六,2091533,2016-03-05,是
2016,3,6,日,1756332,2016-03-06,是
2016,3,7,一,2046756,2016-03-07,否
2016,3,8,二,2093281,2016-03-08,否
2016,3,9,三,2122383,2016-03-09,否
2016,3,10,四,2176204,2016-03-10,否
2016,3,11,五,2395222,2016-03-11,否
2016,3,12,六,2035270,2016-03-12,是
2016,3,13,日,1770284,2016-03-13,是
2016,3,14,一,2075900,2016-03-14,否
2016,3,15,二,2110896,2016-03-15,否
2016,3,16,三,2147097,2016-03-16,否
2016,3,17,四,2144348,2016-03-17,否
2016,3,18,五,2357983,2016-03-18,否
2016,3,19,六,1944280,2016-03-19,是
2016,3,20,日,1734132,2016-03-20,是
2016,3,21,一,2113011,2016-03-21,否
2016,3,22,二,2124121,2016-03-22,否
2016,3,23,三,2177955,2016-03-23,否
2016,3,24,四,2192311,2016-03-24,否
2016,3,25,五,2430700,2016-03-25,否
2016,3,26,六,2144020,2016-03-26,是
2016,3,27,日,1765097,2016-03-27,是
2016,3,28,一,2119715,2016-03-28,否
2016,3,29,二,2115928,2016-03-29,否
2016,3,30,三,2124315,2016-03-30,否
2016,3,31,四,2142034,2016-03-31,否
2016,4,1,五,2290586,2016-04-01,否
2016,4,2,六,1831245,2016-04-02,是
2016,4,3,日,1655160,2016-04-03,是
2016,4,4,一,1480686,2016-04-04,是
2016,4,5,二,1546725,2016-04-05,是
2016,4,6,三,2042835,2016-04-06,否
2016,4,7,四,2083337,2016-04-07,否
2016,4,8,五,2262496,2016-04-08,否
2016,4,9,六,1986909,2016-04-09,是
2016,4,10,日,1639842,2016-04-10,是
2016,4,11,一,2030065,2016-04-11,否
2016,4,12,二,2071344,2016-04-12,否
2016,4,13,三,2077048,2016-04-13,否
2016,4,14,四,2114514,2016-04-14,否
2016,4,15,五,2305264,2016-04-15,否
2016,4,16,六,1996900,2016-04-16,是
2016,4,17,日,1591332,2016-04-17,是
2016,4,18,一,2016226,2016-04-18,否
2016,4,19,二,2060568,2016-04-19,否
2016,4,20,三,2086056,2016-04-20,否
2016,4,21,四,2093563,2016-04-21,否
2016,4,22,五,2280273,2016-04-22,否
2016,4,23,六,2025336,2016-04-23,是
2016,4,24,日,1636365,2016-04-24,是
2016,4,25,一,2001125,2016-04-25,否
2016,4,26,二,2043013,2016-04-26,否
2016,4,27,三,2094694,2016-04-27,否
2016,4,28,四,2105433,2016-04-28,否
2016,4,29,五,2332754,2016-04-29,否
2016,4,30,六,2036641,2016-04-30,是
2016,5,1,日,1755057,2016-05-01,是
2016,5,2,一,1807596,2016-05-02,否
2016,5,3,二,2077283,2016-05-03,否
2016,5,4,三,2112583,2016-05-04,否
2016,5,5,四,2135616,2016-05-05,否
2016,5,6,五,2370926,2016-05-06,否
2016,5,7,六,1953575,2016-05-07,是
2016,5,8,日,1580602,2016-05-08,是
2016,5,9,一,2001262,2016-05-09,否
2016,5,10,二,2043710,2016-05-10,否
2016,5,11,三,2085198,2016-05-11,否
2016,5,12,四,2087353,2016-05-12,否
2016,5,13,五,2363597,2016-05-13,否
2016,5,14,六,2060206,2016-05-14,是
2016,5,15,日,1770290,2016-05-15,是
2016,5,16,一,2055738,2016-05-16,否
2016,5,17,二,2045270,2016-05-17,否
2016,5,18,三,2073546,2016-05-18,否
2016,5,19,四,2083057,2016-05-19,否
2016,5,20,五,2312253,2016-05-20,否
2016,5,21,六,2046123,2016-05-21,是
2016,5,22,日,1722405,2016-05-22,是
2016,5,23,一,2019488,2016-05-23,否
2016,5,24,二,2036762,2016-05-24,否
2016,5,25,三,2064867,2016-05-25,否
2016,5,26,四,2062843,2016-05-26,否
2016,5,27,五,2245752,2016-05-27,否
2016,5,28,六,1992370,2016-05-28,是
2016,5,29,日,1641869,2016-05-29,是
2016,5,30,一,1987501,2016-05-30,否
2016,5,31,二,2046651,2016-05-31,否
2019,12,1,日,1916245,2019-12-01,是
2019,12,2,一,2246715,2019-12-02,否
2019,12,3,二,2321440,2019-12-03,否
2019,12,4,三,2343301,2019-12-04,否
2019,12,5,四,2369944,2019-12-05,否
2019,12,6,五,2612924,2019-12-06,否
2019,12,7,六,2263701,2019-12-07,是
2019,12,8,日,2037952,2019-12-08,是
2019,12,9,一,2301139,2019-12-09,否
2019,12,10,二,2351082,2019-12-10,否
2019,12,11,三,2374416,2019-12-11,否
2019,12,12,四,2417589,2019-12-12,否
2019,12,13,五,2655283,2019-12-13,否
2019,12,14,六,2522817,2019-12-14,是
2019,12,15,日,2161202,2019-12-15,是
2019,12,16,一,2339050,2019-12-16,否
2019,12,17,二,2373567,2019-12-17,否
2019,12,18,三,2397127,2019-12-18,否
2019,12,19,四,2409075,2019-12-19,否
2019,12,20,五,2668231,2019-12-20,否
2019,12,21,六,2341312,2019-12-21,是
2019,12,22,日,1964639,2019-12-22,是
2019,12,23,一,2383457,2019-12-23,否
2019,12,24,二,2476680,2019-12-24,否
2019,12,25,三,2520902,2019-12-25,否
2019,12,26,四,2466352,2019-12-26,否
2019,12,27,五,2658619,2019-12-27,否
2019,12,28,六,2298630,2019-12-28,是
2019,12,29,日,1777124,2019-12-29,是
2019,12,30,一,2469682,2019-12-30,否
2019,12,31,二,3206078,2019-12-31,否
2019,11,1,五,2464262,2019-11-01,否
2019,11,2,六,2105449,2019-11-02,是
2019,11,3,日,1719091,2019-11-03,是
2019,11,4,一,2196194,2019-11-04,否
2019,11,5,二,2252698,2019-11-05,否
2019,11,6,三,2308167,2019-11-06,否
2019,11,7,四,2335815,2019-11-07,否
2019,11,8,五,2564689,2019-11-08,否
2019,11,9,六,2255871,2019-11-09,是
2019,11,10,日,1889814,2019-11-10,是
2019,11,11,一,2302037,2019-11-11,否
2019,11,12,二,2307605,2019-11-12,否
2019,11,13,三,2337765,2019-11-13,否
2019,11,14,四,2347845,2019-11-14,否
2019,11,15,五,2616701,2019-11-15,否
2019,11,16,六,2328215,2019-11-16,是
2019,11,17,日,1986973,2019-11-17,是
2019,11,18,一,2292076,2019-11-18,否
2019,11,19,二,2303083,2019-11-19,否
2019,11,20,三,2332124,2019-11-20,否
2019,11,21,四,2358032,2019-11-21,否
2019,11,22,五,2548672,2019-11-22,否
2019,11,23,六,2194831,2019-11-23,是
2019,11,24,日,1862081,2019-11-24,是
2019,11,25,一,2252315,2019-11-25,否
2019,11,26,二,2308661,2019-11-26,否
2019,11,27,三,2351309,2019-11-27,否
2019,11,28,四,2366865,2019-11-28,否
2019,11,29,五,2597764,2019-11-29,否
2019,11,30,六,2297768,2019-11-30,是
2019,10,1,二,2292880,2019-10-01,否
2019,10,2,三,2320208,2019-10-02,否
2019,10,3,四,2350820,2019-10-03,否
2019,10,4,五,2471547,2019-10-04,否
2019,10,5,六,2461004,2019-10-05,否
2019,10,6,日,1826012,2019-10-06,是
2019,10,7,一,2242657,2019-10-07,否
2019,10,8,二,2298581,2019-10-08,否
2019,10,9,三,2452474,2019-10-09,否
2019,10,10,四,1942428,2019-10-10,是
2019,10,11,五,1959026,2019-10-11,是
2019,10,12,六,1961987,2019-10-12,是
2019,10,13,日,1708211,2019-10-13,是
2019,10,14,一,2187500,2019-10-14,否
2019,10,15,二,2231028,2019-10-15,否
2019,10,16,三,2278993,2019-10-16,否
2019,10,17,四,2314569,2019-10-17,否
2019,10,18,五,2495506,2019-10-18,否
2019,10,19,六,2148575,2019-10-19,是
2019,10,20,日,1854954,2019-10-20,是
2019,10,21,一,2231596,2019-10-21,否
2019,10,22,二,2288077,2019-10-22,否
2019,10,23,三,2306153,2019-10-23,否
2019,10,24,四,2315146,2019-10-24,否
2019,10,25,五,2530722,2019-10-25,否
2019,10,26,六,2316211,2019-10-26,是
2019,10,27,日,1844947,2019-10-27,是
2019,10,28,一,2223379,2019-10-28,否
2019,10,29,二,2247981,2019-10-29,否
2019,10,30,三,2275598,2019-10-30,否
2019,10,31,四,2306005,2019-10-31,否
2019,9,1,日,1623798,2019-09-01,是
2019,9,2,一,2138424,2019-09-02,否
2019,9,3,二,2197072,2019-09-03,是
2019,9,4,三,2176799,2019-09-04,否
2019,9,5,四,2218142,2019-09-05,否
2019,9,6,五,2424273,2019-09-06,否
2019,9,7,六,2027949,2019-09-07,是
2019,9,8,日,1791084,2019-09-08,是
2019,9,9,一,2217165,2019-09-09,否
2019,9,10,二,2275866,2019-09-10,否
2019,9,11,三,2313030,2019-09-11,否
2019,9,12,四,2432772,2019-09-12,否
2019,9,13,五,1546868,2019-09-13,是
2019,9,14,六,1683910,2019-09-14,是
2019,9,15,日,1512205,2019-09-15,是
2019,9,16,一,2193878,2019-09-16,否
2019,9,17,二,2253288,2019-09-17,否
2019,9,18,三,2281347,2019-09-18,否
2019,9,19,四,2309953,2019-09-19,否
2019,9,20,五,2533218,2019-09-20,否
2019,9,21,六,2022528,2019-09-21,是
2019,9,22,日,1773481,2019-09-22,是
2019,9,23,一,2213270,2019-09-23,否
2019,9,24,二,2251458,2019-09-24,否
2019,9,25,三,2287557,2019-09-25,否
2019,9,26,四,2300313,2019-09-26,否
2019,9,27,五,2479753,2019-09-27,否
2019,9,28,六,1965804,2019-09-28,是
2019,9,29,日,1770248,2019-09-29,是
2019,9,30,一,701836,2019-09-30,否
2019,8,1,四,2263609,2019-08-01,否
2019,8,2,五,2400949,2019-08-02,否
2019,8,3,六,2107717,2019-08-03,是
2019,8,4,日,1760848,2019-08-04,是
2019,8,5,一,2204133,2019-08-05,否
2019,8,6,二,2268297,2019-08-06,否
2019,8,7,三,2305404,2019-08-07,否
2019,8,8,四,2088700,2019-08-08,否
2019,8,9,五,814909,2019-08-09,否
2019,8,10,六,1975405,2019-08-10,是
2019,8,11,日,1741166,2019-08-11,是
2019,8,12,一,2248786,2019-08-12,否
2019,8,13,二,2293653,2019-08-13,否
2019,8,14,三,2279835,2019-08-14,否
2019,8,15,四,2200823,2019-08-15,否
2019,8,16,五,2428999,2019-08-16,否
2019,8,17,六,2037193,2019-08-17,是
2019,8,18,日,1695698,2019-08-18,是
2019,8,19,一,2199921,2019-08-19,否
2019,8,20,二,2253664,2019-08-20,否
2019,8,21,三,2234508,2019-08-21,否
2019,8,22,四,2297438,2019-08-22,否
2019,8,23,五,2425579,2019-08-23,否
2019,8,24,六,1728195,2019-08-24,是
2019,8,25,日,1701143,2019-08-25,是
2019,8,26,一,2182579,2019-08-26,否
2019,8,27,二,2231373,2019-08-27,否
2019,8,28,三,2244299,2019-08-28,否
2019,8,29,四,2188576,2019-08-29,否
2019,8,30,五,2312255,2019-08-30,否
2019,8,31,六,1951699,2019-08-31,是
2019,7,1,一,2149536,2019-07-01,否
2019,7,2,二,2140734,2019-07-02,否
2019,7,3,三,2222202,2019-07-03,否
2019,7,4,四,2218401,2019-07-04,否
2019,7,5,五,2395762,2019-07-05,否
2019,7,6,六,1994593,2019-07-06,是
2019,7,7,日,1756168,2019-07-07,是
2019,7,8,一,2191522,2019-07-08,否
2019,7,9,二,2224636,2019-07-09,否
2019,7,10,三,2257222,2019-07-10,否
2019,7,11,四,2234398,2019-07-11,否
2019,7,12,五,2386099,2019-07-12,否
2019,7,13,六,2004271,2019-07-13,是
2019,7,14,日,1711032,2019-07-14,是
2019,7,15,一,2182751,2019-07-15,否
2019,7,16,二,2237960,2019-07-16,否
2019,7,17,三,2234253,2019-07-17,否
2019,7,18,四,2141147,2019-07-18,否
2019,7,19,五,2341842,2019-07-19,否
2019,7,20,六,1934467,2019-07-20,是
2019,7,21,日,1686369,2019-07-21,是
2019,7,22,一,2159151,2019-07-22,否
2019,7,23,二,2214504,2019-07-23,否
2019,7,24,三,2260070,2019-07-24,否
2019,7,25,四,2291565,2019-07-25,否
2019,7,26,五,2421873,2019-07-26,否
2019,7,27,六,2078953,2019-07-27,是
2019,7,28,日,1796144,2019-07-28,是
2019,7,29,一,2189864,2019-07-29,否
2019,7,30,二,2236019,2019-07-30,否
2019,7,31,三,2264280,2019-07-31,否
2019,6,1,六,2149155,2019-06-01,是
2019,6,2,日,1713842,2019-06-02,是
2019,6,3,一,2179379,2019-06-03,否
2019,6,4,二,2215656,2019-06-04,否
2019,6,5,三,2270143,2019-06-05,否
2019,6,6,四,2396157,2019-06-06,否
2019,6,7,五,1548142,2019-06-07,是
2019,6,8,六,1802883,2019-06-08,是
2019,6,9,日,1666067,2019-06-09,是
2019,6,10,一,2169406,2019-06-10,否
2019,6,11,二,2176509,2019-06-11,否
2019,6,12,三,2250689,2019-06-12,否
2019,6,13,四,2254263,2019-06-13,否
2019,6,14,五,2428458,2019-06-14,否
2019,6,15,六,2094047,2019-06-15,是
2019,6,16,日,1753648,2019-06-16,是
2019,6,17,一,2168868,2019-06-17,否
2019,6,18,二,2202277,2019-06-18,否
2019,6,19,三,2248969,2019-06-19,否
2019,6,20,四,2272541,2019-06-20,否
2019,6,21,五,2442732,2019-06-21,否
2019,6,22,六,1975156,2019-06-22,是
2019,6,23,日,1639811,2019-06-23,是
2019,6,24,一,2154830,2019-06-24,否
2019,6,25,二,2183938,2019-06-25,否
2019,6,26,三,2228887,2019-06-26,否
2019,6,27,四,2222730,2019-06-27,否
2019,6,28,五,2456641,2019-06-28,否
2019,6,29,六,1960312,2019-06-29,是
2019,6,30,日,1673669,2019-06-30,是
2019,5,1,三,1853602,2019-05-01,是
2019,5,2,四,2322312,2019-05-02,否
2019,5,3,五,2535932,2019-05-03,否
2019,5,4,六,2088661,2019-05-04,是
2019,5,5,日,1821025,2019-05-05,是
2019,5,6,一,2228204,2019-05-06,否
2019,5,7,二,2237322,2019-05-07,否
2019,5,8,三,2254609,2019-05-08,否
2019,5,9,四,2283830,2019-05-09,否
2019,5,10,五,2483610,2019-05-10,否
2019,5,11,六,1986173,2019-05-11,是
2019,5,12,日,1662626,2019-05-12,是
2019,5,13,一,2161724,2019-05-13,否
2019,5,14,二,2197050,2019-05-14,否
2019,5,15,三,2237950,2019-05-15,否
2019,5,16,四,2239652,2019-05-16,否
2019,5,17,五,2461059,2019-05-17,否
2019,5,18,六,2109137,2019-05-18,是
2019,5,19,日,1824522,2019-05-19,是
2019,5,20,一,2112820,2019-05-20,否
2019,5,21,二,2209551,2019-05-21,否
2019,5,22,三,2226022,2019-05-22,否
2019,5,23,四,2241168,2019-05-23,否
2019,5,24,五,2446566,2019-05-24,否
2019,5,25,六,2126695,2019-05-25,是
2019,5,26,日,1751235,2019-05-26,是
2019,5,27,一,2135073,2019-05-27,否
2019,5,28,二,2178640,2019-05-28,否
2019,5,29,三,2276928,2019-05-29,否
2019,5,30,四,2294240,2019-05-30,否
2019,5,31,五,2482914,2019-05-31,否
2019,4,1,一,2144804,2019-04-01,否
2019,4,2,二,2171834,2019-04-02,否
2019,4,3,三,2273568,2019-04-03,否
2019,4,4,四,1735515,2019-04-04,是
2019,4,5,五,1566395,2019-04-05,是
2019,4,6,六,1900553,2019-04-06,是
2019,4,7,日,1630024,2019-04-07,是
2019,4,8,一,2145864,2019-04-08,否
2019,4,9,二,2183861,2019-04-09,否
2019,4,10,三,2219725,2019-04-10,否
2019,4,11,四,2241734,2019-04-11,否
2019,4,12,五,2444520,2019-04-12,否
2019,4,13,六,2043937,2019-04-13,是
2019,4,14,日,1774276,2019-04-14,是
2019,4,15,一,2196041,2019-04-15,否
2019,4,16,二,2216472,2019-04-16,否
2019,4,17,三,2290629,2019-04-17,否
2019,4,18,四,2123512,2019-04-18,否
2019,4,19,五,2486534,2019-04-19,否
2019,4,20,六,2100220,2019-04-20,是
2019,4,21,日,1763745,2019-04-21,是
2019,4,22,一,2175378,2019-04-22,否
2019,4,23,二,2238959,2019-04-23,否
2019,4,24,三,2282495,2019-04-24,否
2019,4,25,四,2292426,2019-04-25,否
2019,4,26,五,2502241,2019-04-26,否
2019,4,27,六,2145151,2019-04-27,是
2019,4,28,日,1832023,2019-04-28,是
2019,4,29,一,2230815,2019-04-29,否
2019,4,30,二,2320863,2019-04-30,否
2019,3,1,五,2046878,2019-03-01,是
2019,3,2,六,2055351,2019-03-02,是
2019,3,3,日,1541049,2019-03-03,是
2019,3,4,一,2187528,2019-03-04,否
2019,3,5,二,2253218,2019-03-05,否
2019,3,6,三,2276962,2019-03-06,否
2019,3,7,四,2308495,2019-03-07,否
2019,3,8,五,2532508,2019-03-08,否
2019,3,9,六,2047649,2019-03-09,是
2019,3,10,日,1705560,2019-03-10,是
2019,3,11,一,2234324,2019-03-11,否
2019,3,12,二,2298293,2019-03-12,否
2019,3,13,三,2307463,2019-03-13,否
2019,3,14,四,2301836,2019-03-14,否
2019,3,15,五,2533921,2019-03-15,否
2019,3,16,六,2185367,2019-03-16,是
2019,3,17,日,1865367,2019-03-17,是
2019,3,18,一,2243896,2019-03-18,否
2019,3,19,二,2261202,2019-03-19,否
2019,3,20,三,2282430,2019-03-20,否
2019,3,21,四,2288102,2019-03-21,否
2019,3,22,五,2472357,2019-03-22,否
2019,3,23,六,2052710,2019-03-23,是
2019,3,24,日,1665625,2019-03-24,是
2019,3,25,一,2192137,2019-03-25,否
2019,3,26,二,2276154,2019-03-26,否
2019,3,27,三,2304978,2019-03-27,否
2019,3,28,四,2319606,2019-03-28,否
2019,3,29,五,2470642,2019-03-29,否
2019,3,30,六,2077896,2019-03-30,是
2019,3,31,日,1689492,2019-03-31,是
2019,2,1,五,2269621,2019-02-01,否
2019,2,2,六,1615859,2019-02-02,是
2019,2,3,日,1272730,2019-02-03,是
2019,2,4,一,797530,2019-02-04,是
2019,2,5,二,1413531,2019-02-05,是
2019,2,6,三,1498861,2019-02-06,是
2019,2,7,四,1751848,2019-02-07,是
2019,2,8,五,1741781,2019-02-08,是
2019,2,9,六,1738442,2019-02-09,是
2019,2,10,日,1600375,2019-02-10,是
2019,2,11,一,2117422,2019-02-11,否
2019,2,12,二,2204440,2019-02-12,否
2019,2,13,三,2247816,2019-02-13,否
2019,2,14,四,2331604,2019-02-14,否
2019,2,15,五,2513685,2019-02-15,否
2019,2,16,六,2352160,2019-02-16,是
2019,2,17,日,2018971,2019-02-17,是
2019,2,18,一,2269452,2019-02-18,否
2019,2,19,二,2295503,2019-02-19,否
2019,2,20,三,2307053,2019-02-20,否
2019,2,21,四,2299896,2019-02-21,否
2019,2,22,五,2403239,2019-02-22,否
2019,2,23,六,2383436,2019-02-23,否
2019,2,24,日,1683320,2019-02-24,是
2019,2,25,一,2225632,2019-02-25,否
2019,2,26,二,2273836,2019-02-26,否
2019,2,27,三,2433172,2019-02-27,否
2019,2,28,四,1952603,2019-02-28,是
2019,1,1,二,1628886,2019-01-01,是
2019,1,2,三,2252978,2019-01-02,否
2019,1,3,四,2269048,2019-01-03,否
2019,1,4,五,2448988,2019-01-04,否
2019,1,5,六,1951667,2019-01-05,是
2019,1,6,日,1557160,2019-01-06,是
2019,1,7,一,2185682,2019-01-07,否
2019,1,8,二,2222106,2019-01-08,否
2019,1,9,三,2244563,2019-01-09,否
2019,1,10,四,2290502,2019-01-10,否
2019,1,11,五,2494932,2019-01-11,否
2019,1,12,六,2074242,2019-01-12,是
2019,1,13,日,1773966,2019-01-13,是
2019,1,14,一,2192358,2019-01-14,否
2019,1,15,二,2232255,2019-01-15,否
2019,1,16,三,2243466,2019-01-16,否
2019,1,17,四,2269923,2019-01-17,否
2019,1,18,五,2526685,2019-01-18,否
2019,1,19,六,2351756,2019-01-19,否
2019,1,20,日,1841643,2019-01-20,是
2019,1,21,一,2241036,2019-01-21,否
2019,1,22,二,2256106,2019-01-22,否
2019,1,23,三,2315776,2019-01-23,否
2019,1,24,四,2334810,2019-01-24,否
2019,1,25,五,2513568,2019-01-25,否
2019,1,26,六,2172969,2019-01-26,是
2019,1,27,日,1896648,2019-01-27,是
2019,1,28,一,2303673,2019-01-28,否
2019,1,29,二,2288084,2019-01-29,否
2019,1,30,三,2321252,2019-01-30,否
2019,1,31,四,2306449,2019-01-31,否
2018,12,1,六,2207301,2018-12-01,是
2018,12,2,日,1898683,2018-12-02,是
2018,12,3,一,2177410,2018-12-03,否
2018,12,4,二,2216541,2018-12-04,否
2018,12,5,三,2242309,2018-12-05,否
2018,12,6,四,2273687,2018-12-06,否
2018,12,7,五,2533863,2018-12-07,否
2018,12,8,六,2310004,2018-12-08,是
2018,12,9,日,1916109,2018-12-09,是
2018,12,10,一,2226145,2018-12-10,否
2018,12,11,二,2243604,2018-12-11,否
2018,12,12,三,2274762,2018-12-12,否
2018,12,13,四,2319605,2018-12-13,否
2018,12,14,五,2562165,2018-12-14,否
2018,12,15,六,2460715,2018-12-15,是
2018,12,16,日,1994530,2018-12-16,是
2018,12,17,一,2239116,2018-12-17,否
2018,12,18,二,2285329,2018-12-18,否
2018,12,19,三,2321389,2018-12-19,否
2018,12,20,四,2344458,2018-12-20,否
2018,12,21,五,2480222,2018-12-21,否
2018,12,22,六,2414510,2018-12-22,否
2018,12,23,日,1931005,2018-12-23,是
2018,12,24,一,2396806,2018-12-24,否
2018,12,25,二,2419527,2018-12-25,否
2018,12,26,三,2353220,2018-12-26,否
2018,12,27,四,2382990,2018-12-27,否
2018,12,28,五,2556038,2018-12-28,否
2018,12,29,六,2089333,2018-12-29,是
2018,12,30,日,1991755,2018-12-30,是
2018,12,31,一,2500014,2018-12-31,是
2018,11,1,四,2227918,2018-11-01,否
2018,11,2,五,2411171,2018-11-02,否
2018,11,3,六,1985585,2018-11-03,是
2018,11,4,日,1665633,2018-11-04,是
2018,11,5,一,2156493,2018-11-05,否
2018,11,6,二,2196023,2018-11-06,否
2018,11,7,三,2207437,2018-11-07,否
2018,11,8,四,2267301,2018-11-08,否
2018,11,9,五,2476586,2018-11-09,否
2018,11,10,六,2170363,2018-11-10,是
2018,11,11,日,1835816,2018-11-11,是
2018,11,12,一,2170952,2018-11-12,否
2018,11,13,二,2203309,2018-11-13,否
2018,11,14,三,2238602,2018-11-14,否
2018,11,15,四,2275230,2018-11-15,否
2018,11,16,五,2514307,2018-11-16,否
2018,11,17,六,2135911,2018-11-17,是
2018,11,18,日,1948157,2018-11-18,是
2018,11,19,一,2225249,2018-11-19,否
2018,11,20,二,2211864,2018-11-20,否
2018,11,21,三,2244063,2018-11-21,否
2018,11,22,四,2296543,2018-11-22,否
2018,11,23,五,2554961,2018-11-23,否
2018,11,24,六,1827798,2018-11-24,是
2018,11,25,日,1757192,2018-11-25,是
2018,11,26,一,2195487,2018-11-26,否
2018,11,27,二,2202772,2018-11-27,否
2018,11,28,三,2235089,2018-11-28,否
2018,11,29,四,2280531,2018-11-29,否
2018,11,30,五,2488602,2018-11-30,否
2018,10,1,一,2154571,2018-10-01,否
2018,10,2,二,2206724,2018-10-02,否
2018,10,3,三,2246435,2018-10-03,否
2018,10,4,四,2257632,2018-10-04,否
2018,10,5,五,2461705,2018-10-05,否
2018,10,6,六,2130285,2018-10-06,是
2018,10,7,日,1728126,2018-10-07,是
2018,10,8,一,2166701,2018-10-08,否
2018,10,9,二,2331815,2018-10-09,否
2018,10,10,三,1695510,2018-10-10,是
2018,10,11,四,2224929,2018-10-11,否
2018,10,12,五,2450895,2018-10-12,否
2018,10,13,六,2013358,2018-10-13,是
2018,10,14,日,1763493,2018-10-14,是
2018,10,15,一,2161895,2018-10-15,否
2018,10,16,二,2207070,2018-10-16,否
2018,10,17,三,2240954,2018-10-17,否
2018,10,18,四,2278689,2018-10-18,否
2018,10,19,五,2464544,2018-10-19,否
2018,10,20,六,2167850,2018-10-20,是
2018,10,21,日,1855895,2018-10-21,是
2018,10,22,一,2146150,2018-10-22,否
2018,10,23,二,2193334,2018-10-23,否
2018,10,24,三,2220726,2018-10-24,否
2018,10,25,四,2251799,2018-10-25,否
2018,10,26,五,2443582,2018-10-26,否
2018,10,27,六,2198894,2018-10-27,是
2018,10,28,日,1823406,2018-10-28,是
2018,10,29,一,2160781,2018-10-29,否
2018,10,30,二,2191637,2018-10-30,否
2018,10,31,三,2232478,2018-10-31,否
2018,9,1,六,1876143,2018-09-01,是
2018,9,2,日,1593331,2018-09-02,是
2018,9,3,一,2103229,2018-09-03,是
2018,9,4,二,2106183,2018-09-04,否
2018,9,5,三,2134851,2018-09-05,否
2018,9,6,四,2163596,2018-09-06,否
2018,9,7,五,2306418,2018-09-07,否
2018,9,8,六,1851644,2018-09-08,是
2018,9,9,日,1481143,2018-09-09,是
2018,9,10,一,2151451,2018-09-10,否
2018,9,11,二,2190699,2018-09-11,否
2018,9,12,三,2191163,2018-09-12,否
2018,9,13,四,2205266,2018-09-13,否
2018,9,14,五,2372248,2018-09-14,否
2018,9,15,六,1901598,2018-09-15,是
2018,9,16,日,1639270,2018-09-16,是
2018,9,17,一,2141871,2018-09-17,否
2018,9,18,二,2175866,2018-09-18,否
2018,9,19,三,2199273,2018-09-19,否
2018,9,20,四,2219427,2018-09-20,否
2018,9,21,五,2414691,2018-09-21,否
2018,9,22,六,1798490,2018-09-22,是
2018,9,23,日,1576070,2018-09-23,是
2018,9,24,一,1374677,2018-09-24,是
2018,9,25,二,2163935,2018-09-25,否
2018,9,26,三,2221276,2018-09-26,否
2018,9,27,四,2249922,2018-09-27,否
2018,9,28,五,2384178,2018-09-28,否
2018,9,29,六,1930891,2018-09-29,是
2018,9,30,日,1750079,2018-09-30,是
2018,8,1,三,2138668,2018-08-01,否
2018,8,2,四,2162278,2018-08-02,否
2018,8,3,五,2286623,2018-08-03,否
2018,8,4,六,1901059,2018-08-04,是
2018,8,5,日,1682194,2018-08-05,是
2018,8,6,一,2101574,2018-08-06,否
2018,8,7,二,2169044,2018-08-07,否
2018,8,8,三,2150784,2018-08-08,否
2018,8,9,四,2197511,2018-08-09,否
2018,8,10,五,2356231,2018-08-10,否
2018,8,11,六,1996335,2018-08-11,是
2018,8,12,日,1684264,2018-08-12,是
2018,8,13,一,2136361,2018-08-13,否
2018,8,14,二,2197576,2018-08-14,否
2018,8,15,三,2216779,2018-08-15,否
2018,8,16,四,2246552,2018-08-16,否
2018,8,17,五,2370889,2018-08-17,否
2018,8,18,六,2014748,2018-08-18,是
2018,8,19,日,1683467,2018-08-19,是
2018,8,20,一,2112543,2018-08-20,否
2018,8,21,二,2140829,2018-08-21,否
2018,8,22,三,2173958,2018-08-22,否
2018,8,23,四,2167639,2018-08-23,否
2018,8,24,五,2259305,2018-08-24,否
2018,8,25,六,1736586,2018-08-25,是
2018,8,26,日,1631422,2018-08-26,是
2018,8,27,一,2101189,2018-08-27,否
2018,8,28,二,2127032,2018-08-28,否
2018,8,29,三,2119043,2018-08-29,否
2018,8,30,四,2124015,2018-08-30,否
2018,8,31,五,2297374,2018-08-31,否
2018,7,1,日,1646887,2018-07-01,是
2018,7,2,一,2099540,2018-07-02,否
2018,7,3,二,2123857,2018-07-03,否
2018,7,4,三,2148260,2018-07-04,否
2018,7,5,四,2173878,2018-07-05,否
2018,7,6,五,2335565,2018-07-06,否
2018,7,7,六,1937749,2018-07-07,是
2018,7,8,日,1679477,2018-07-08,是
2018,7,9,一,2154085,2018-07-09,否
2018,7,10,二,1710138,2018-07-10,否
2018,7,11,三,1482047,2018-07-11,否
2018,7,12,四,2197522,2018-07-12,否
2018,7,13,五,2372122,2018-07-13,否
2018,7,14,六,1957895,2018-07-14,是
2018,7,15,日,1676915,2018-07-15,是
2018,7,16,一,2112468,2018-07-16,否
2018,7,17,二,2165973,2018-07-17,否
2018,7,18,三,2183304,2018-07-18,否
2018,7,19,四,2184948,2018-07-19,否
2018,7,20,五,2324540,2018-07-20,否
2018,7,21,六,1898282,2018-07-21,是
2018,7,22,日,1642737,2018-07-22,是
2018,7,23,一,2095004,2018-07-23,否
2018,7,24,二,2117995,2018-07-24,否
2018,7,25,三,2159663,2018-07-25,否
2018,7,26,四,2180673,2018-07-26,否
2018,7,27,五,2297693,2018-07-27,否
2018,7,28,六,1989618,2018-07-28,是
2018,7,29,日,1684469,2018-07-29,是
2018,7,30,一,2082427,2018-07-30,否
2018,7,31,二,2141941,2018-07-31,否
2018,6,1,五,2364411,2018-06-01,否
2018,6,2,六,1926201,2018-06-02,是
2018,6,3,日,1649380,2018-06-03,是
2018,6,4,一,2063115,2018-06-04,否
2018,6,5,二,2147953,2018-06-05,否
2018,6,6,三,2173023,2018-06-06,否
2018,6,7,四,2207710,2018-06-07,否
2018,6,8,五,2387155,2018-06-08,否
2018,6,9,六,2075195,2018-06-09,是
2018,6,10,日,1680390,2018-06-10,是
2018,6,11,一,2109647,2018-06-11,否
2018,6,12,二,2167642,2018-06-12,否
2018,6,13,三,2156409,2018-06-13,否
2018,6,14,四,2171239,2018-06-14,否
2018,6,15,五,2372389,2018-06-15,否
2018,6,16,六,1836201,2018-06-16,是
2018,6,17,日,1651627,2018-06-17,是
2018,6,18,一,1292320,2018-06-18,是
2018,6,19,二,2128135,2018-06-19,否
2018,6,20,三,2144629,2018-06-20,否
2018,6,21,四,2166846,2018-06-21,否
2018,6,22,五,2299696,2018-06-22,否
2018,6,23,六,1879484,2018-06-23,是
2018,6,24,日,1561289,2018-06-24,是
2018,6,25,一,2059105,2018-06-25,否
2018,6,26,二,2120325,2018-06-26,否
2018,6,27,三,2153432,2018-06-27,否
2018,6,28,四,2202663,2018-06-28,否
2018,6,29,五,2413304,2018-06-29,否
2018,6,30,六,1943107,2018-06-30,是
2018,4,1,日,1697619,2018-04-01,是
2018,4,2,一,2071359,2018-04-02,否
2018,4,3,二,2189626,2018-04-03,否
2018,4,4,三,1697997,2018-04-04,是
2018,4,5,四,1522905,2018-04-05,是
2018,4,6,五,1694341,2018-04-06,是
2018,4,7,六,1744916,2018-04-07,是
2018,4,8,日,1645586,2018-04-08,是
2018,4,9,一,2056059,2018-04-09,否
2018,4,10,二,2110370,2018-04-10,否
2018,4,11,三,2145962,2018-04-11,否
2018,4,12,四,2147178,2018-04-12,否
2018,4,13,五,2349624,2018-04-13,否
2018,4,14,六,1989513,2018-04-14,是
2018,4,15,日,1653740,2018-04-15,是
2018,4,16,一,2105224,2018-04-16,否
2018,4,17,二,2174733,2018-04-17,否
2018,4,18,三,2177685,2018-04-18,否
2018,4,19,四,2186498,2018-04-19,否
2018,4,20,五,2372013,2018-04-20,否
2018,4,21,六,2085381,2018-04-21,是
2018,4,22,日,1762073,2018-04-22,是
2018,4,23,一,2093310,2018-04-23,否
2018,4,24,二,2123145,2018-04-24,否
2018,4,25,三,2218000,2018-04-25,否
2018,4,26,四,2235603,2018-04-26,否
2018,4,27,五,2398307,2018-04-27,否
2018,4,28,六,2073450,2018-04-28,是
2018,4,29,日,1769243,2018-04-29,是
2018,4,30,一,2173731,2018-04-30,否
2018,5,1,二,1830443,2018-05-01,是
2018,5,2,三,2149852,2018-05-02,否
2018,5,3,四,2173771,2018-05-03,否
2018,5,4,五,2401476,2018-05-04,否
2018,5,5,六,2050466,2018-05-05,是
2018,5,6,日,1751591,2018-05-06,是
2018,5,7,一,2122472,2018-05-07,否
2018,5,8,二,2147879,2018-05-08,否
2018,5,9,三,2181976,2018-05-09,否
2018,5,10,四,2205698,2018-05-10,否
2018,5,11,五,2400041,2018-05-11,否
2018,5,12,六,1939125,2018-05-12,是
2018,5,13,日,1614869,2018-05-13,是
2018,5,14,一,2089882,2018-05-14,否
2018,5,15,二,2122561,2018-05-15,否
2018,5,16,三,2137588,2018-05-16,否
2018,5,17,四,2150279,2018-05-17,否
2018,5,18,五,2393201,2018-05-18,否
2018,5,19,六,2028726,2018-05-19,是
2018,5,20,日,1759232,2018-05-20,是
2018,5,21,一,2091554,2018-05-21,否
2018,5,22,二,2131468,2018-05-22,否
2018,5,23,三,2132584,2018-05-23,否
2018,5,24,四,2173502,2018-05-24,否
2018,5,25,五,2376873,2018-05-25,否
2018,5,26,六,2136526,2018-05-26,是
2018,5,27,日,1765091,2018-05-27,是
2018,5,28,一,2114586,2018-05-28,否
2018,5,29,二,2119968,2018-05-29,否
2018,5,30,三,2135388,2018-05-30,否
2018,5,31,四,2150649,2018-05-31,否
2018,3,1,四,2209721,2018-03-01,否
2018,3,2,五,2372185,2018-03-02,否
2018,3,3,六,2193043,2018-03-03,是
2018,3,4,日,1763921,2018-03-04,是
2018,3,5,一,2127286,2018-03-05,否
2018,3,6,二,2173145,2018-03-06,否
2018,3,7,三,2210099,2018-03-07,否
2018,3,8,四,2236563,2018-03-08,否
2018,3,9,五,2422478,2018-03-09,否
2018,3,10,六,2164494,2018-03-10,是
2018,3,11,日,1853987,2018-03-11,是
2018,3,12,一,2152647,2018-03-12,否
2018,3,13,二,2194164,2018-03-13,否
2018,3,14,三,2228608,2018-03-14,否
2018,3,15,四,2245142,2018-03-15,否
2018,3,16,五,2453438,2018-03-16,否
2018,3,17,六,2131707,2018-03-17,是
2018,3,18,日,1871538,2018-03-18,是
2018,3,19,一,2161485,2018-03-19,否
2018,3,20,二,2170415,2018-03-20,否
2018,3,21,三,2209852,2018-03-21,否
2018,3,22,四,2223826,2018-03-22,否
2018,3,23,五,2418726,2018-03-23,否
2018,3,24,六,2112760,2018-03-24,是
2018,3,25,日,1748948,2018-03-25,是
2018,3,26,一,2136608,2018-03-26,否
2018,3,27,二,2184449,2018-03-27,否
2018,3,28,三,2206511,2018-03-28,否
2018,3,29,四,2225796,2018-03-29,否
2018,3,30,五,2321120,2018-03-30,否
2018,3,31,六,2234177,2018-03-31,否
2018,2,1,四,2195868,2018-02-01,否
2018,2,2,五,2340388,2018-02-02,否
2018,2,3,六,1834349,2018-02-03,是
2018,2,4,日,1567737,2018-02-04,是
2018,2,5,一,2148007,2018-02-05,否
2018,2,6,二,2226573,2018-02-06,否
2018,2,7,三,2232769,2018-02-07,否
2018,2,8,四,2300141,2018-02-08,否
2018,2,9,五,2451371,2018-02-09,否
2018,2,10,六,1984652,2018-02-10,是
2018,2,11,日,1746239,2018-02-11,是
2018,2,12,一,2230628,2018-02-12,否
2018,2,13,二,2194814,2018-02-13,否
2018,2,14,三,1987693,2018-02-14,否
2018,2,15,四,829655,2018-02-15,是
2018,2,16,五,1421887,2018-02-16,是
2018,2,17,六,1459981,2018-02-17,是
2018,2,18,日,1748528,2018-02-18,是
2018,2,19,一,1769700,2018-02-19,是
2018,2,20,二,1597499,2018-02-20,是
2018,2,21,三,2051668,2018-02-21,否
2018,2,22,四,2131082,2018-02-22,否
2018,2,23,五,2315585,2018-02-23,否
2018,2,24,六,2039735,2018-02-24,是
2018,2,25,日,1678779,2018-02-25,是
2018,2,26,一,2184581,2018-02-26,否
2018,2,27,二,2348613,2018-02-27,否
2018,2,28,三,1690886,2018-02-28,是
2018,1,1,一,1720093,2018-01-01,是
2018,1,2,二,2145048,2018-01-02,否
2018,1,3,三,2171402,2018-01-03,否
2018,1,4,四,2180942,2018-01-04,否
2018,1,5,五,2389403,2018-01-05,否
2018,1,6,六,1888484,2018-01-06,是
2018,1,7,日,1494354,2018-01-07,是
2018,1,8,一,2132783,2018-01-08,否
2018,1,9,二,2157076,2018-01-09,否
2018,1,10,三,2178334,2018-01-10,否
2018,1,11,四,2183574,2018-01-11,否
2018,1,12,五,2366209,2018-01-12,否
2018,1,13,六,1932326,2018-01-13,是
2018,1,14,日,1644482,2018-01-14,是
2018,1,15,一,2094029,2018-01-15,否
2018,1,16,二,2127813,2018-01-16,否
2018,1,17,三,2142658,2018-01-17,否
2018,1,18,四,2172659,2018-01-18,否
2018,1,19,五,2437865,2018-01-19,否
2018,1,20,六,1945706,2018-01-20,是
2018,1,21,日,1664591,2018-01-21,是
2018,1,22,一,2082004,2018-01-22,否
2018,1,23,二,2137493,2018-01-23,否
2018,1,24,三,2187271,2018-01-24,否
2018,1,25,四,2205744,2018-01-25,否
2018,1,26,五,2400316,2018-01-26,否
2018,1,27,六,2108068,2018-01-27,是
2018,1,28,日,1690477,2018-01-28,是
2018,1,29,一,2152659,2018-01-29,否
2018,1,30,二,2172081,2018-01-30,否
2018,1,31,三,2195030,2018-01-31,否
2017,12,1,五,2374968,2017-12-01,否
2017,12,2,六,2107106,2017-12-02,是
2017,12,3,日,1832258,2017-12-03,是
2017,12,4,一,2096950,2017-12-04,否
2017,12,5,二,2151926,2017-12-05,否
2017,12,6,三,2197775,2017-12-06,否
2017,12,7,四,2244676,2017-12-07,否
2017,12,8,五,2482363,2017-12-08,否
2017,12,9,六,2252383,2017-12-09,是
2017,12,10,日,1992771,2017-12-10,是
2017,12,11,一,2155347,2017-12-11,否
2017,12,12,二,2207757,2017-12-12,否
2017,12,13,三,2235608,2017-12-13,否
2017,12,14,四,2264764,2017-12-14,否
2017,12,15,五,2507419,2017-12-15,否
2017,12,16,六,2284334,2017-12-16,是
2017,12,17,日,1981671,2017-12-17,是
2017,12,18,一,2207734,2017-12-18,否
2017,12,19,二,2233964,2017-12-19,否
2017,12,20,三,2285261,2017-12-20,否
2017,12,21,四,2282130,2017-12-21,否
2017,12,22,五,2498190,2017-12-22,否
2017,12,23,六,2447816,2017-12-23,是
2017,12,24,日,2036103,2017-12-24,是
2017,12,25,一,2291232,2017-12-25,否
2017,12,26,二,2240509,2017-12-26,否
2017,12,27,三,2270721,2017-12-27,否
2017,12,28,四,2292694,2017-12-28,否
2017,12,29,五,2497606,2017-12-29,否
2017,12,30,六,2138946,2017-12-30,是
2017,12,31,日,2594212,2017-12-31,是
2017,11,1,三,2106642,2017-11-01,否
2017,11,2,四,2108336,2017-11-02,否
2017,11,3,五,2330453,2017-11-03,否
2017,11,4,六,1980204,2017-11-04,是
2017,11,5,日,1706837,2017-11-05,是
2017,11,6,一,2073916,2017-11-06,否
2017,11,7,二,2103804,2017-11-07,否
2017,11,8,三,2139482,2017-11-08,否
2017,11,9,四,2175244,2017-11-09,否
2017,11,10,五,2378619,2017-11-10,否
2017,11,11,六,2078842,2017-11-11,是
2017,11,12,日,1768317,2017-11-12,是
2017,11,13,一,2106753,2017-11-13,否
2017,11,14,二,2128134,2017-11-14,否
2017,11,15,三,2157499,2017-11-15,否
2017,11,16,四,2186137,2017-11-16,否
2017,11,17,五,2412377,2017-11-17,否
2017,11,18,六,2061167,2017-11-18,是
2017,11,19,日,1760429,2017-11-19,是
2017,11,20,一,2154683,2017-11-20,否
2017,11,21,二,2130567,2017-11-21,否
2017,11,22,三,2151193,2017-11-22,否
2017,11,23,四,2186415,2017-11-23,否
2017,11,24,五,2397856,2017-11-24,否
2017,11,25,六,1962615,2017-11-25,是
2017,11,26,日,1704054,2017-11-26,是
2017,11,27,一,2087442,2017-11-27,否
2017,11,28,二,2148358,2017-11-28,否
2017,11,29,三,2172127,2017-11-29,否
2017,11,30,四,2175459,2017-11-30,否
2017,10,1,日,1660582,2017-10-01,是
2017,10,2,一,2076454,2017-10-02,否
2017,10,3,二,2216893,2017-10-03,否
2017,10,4,三,1402500,2017-10-04,是
2017,10,5,四,2129030,2017-10-05,否
2017,10,6,五,2308076,2017-10-06,否
2017,10,7,六,1829678,2017-10-07,是
2017,10,8,日,1693153,2017-10-08,是
2017,10,9,一,1690483,2017-10-09,是
2017,10,10,二,1523930,2017-10-10,是
2017,10,11,三,2051915,2017-10-11,否
2017,10,12,四,2074510,2017-10-12,否
2017,10,13,五,2245208,2017-10-13,否
2017,10,14,六,1704860,2017-10-14,是
2017,10,15,日,1510202,2017-10-15,是
2017,10,16,一,2076568,2017-10-16,否
2017,10,17,二,2117767,2017-10-17,否
2017,10,18,三,2146184,2017-10-18,否
2017,10,19,四,2173660,2017-10-19,否
2017,10,20,五,2358215,2017-10-20,否
2017,10,21,六,2069982,2017-10-21,是
2017,10,22,日,1787401,2017-10-22,是
2017,10,23,一,2076072,2017-10-23,否
2017,10,24,二,2112018,2017-10-24,否
2017,10,25,三,2147053,2017-10-25,否
2017,10,26,四,2163710,2017-10-26,否
2017,10,27,五,2378397,2017-10-27,否
2017,10,28,六,2103855,2017-10-28,是
2017,10,29,日,1771333,2017-10-29,是
2017,10,30,一,2098516,2017-10-30,否
2017,10,31,二,2103407,2017-10-31,否
2017,9,1,五,2177430,2017-09-01,否
2017,9,2,六,1751825,2017-09-02,是
2017,9,3,日,1452237,2017-09-03,是
2017,9,4,一,2001400,2017-09-04,否
2017,9,5,二,1975158,2017-09-05,否
2017,9,6,三,2082879,2017-09-06,否
2017,9,7,四,2091018,2017-09-07,否
2017,9,8,五,2224758,2017-09-08,否
2017,9,9,六,1892813,2017-09-09,是
2017,9,10,日,1609654,2017-09-10,是
2017,9,11,一,2039617,2017-09-11,否
2017,9,12,二,2081061,2017-09-12,否
2017,9,13,三,1962736,2017-09-13,否
2017,9,14,四,2000767,2017-09-14,否
2017,9,15,五,2265537,2017-09-15,否
2017,9,16,六,1958080,2017-09-16,是
2017,9,17,日,1648912,2017-09-17,是
2017,9,18,一,2035911,2017-09-18,否
2017,9,19,二,2079426,2017-09-19,否
2017,9,20,三,2118687,2017-09-20,否
2017,9,21,四,2118031,2017-09-21,否
2017,9,22,五,2310041,2017-09-22,否
2017,9,23,六,1966757,2017-09-23,是
2017,9,24,日,1631419,2017-09-24,是
2017,9,25,一,2041082,2017-09-25,否
2017,9,26,二,2070263,2017-09-26,否
2017,9,27,三,2113775,2017-09-27,否
2017,9,28,四,2127970,2017-09-28,否
2017,9,29,五,2263204,2017-09-29,否
2017,9,30,六,2158819,2017-09-30,否
2017,8,1,二,2056366,2017-08-01,否
2017,8,2,三,2044076,2017-08-02,否
2017,8,3,四,2108052,2017-08-03,否
2017,8,4,五,2222245,2017-08-04,否
2017,8,5,六,1916078,2017-08-05,是
2017,8,6,日,1628695,2017-08-06,是
2017,8,7,一,2044614,2017-08-07,否
2017,8,8,二,2043332,2017-08-08,否
2017,8,9,三,2120292,2017-08-09,否
2017,8,10,四,2159835,2017-08-10,否
2017,8,11,五,2289133,2017-08-11,否
2017,8,12,六,2010445,2017-08-12,是
2017,8,13,日,1692212,2017-08-13,是
2017,8,14,一,2052866,2017-08-14,否
2017,8,15,二,2118871,2017-08-15,否
2017,8,16,三,2102736,2017-08-16,否
2017,8,17,四,2117383,2017-08-17,否
2017,8,18,五,2246447,2017-08-18,否
2017,8,19,六,1951490,2017-08-19,是
2017,8,20,日,1697393,2017-08-20,是
2017,8,21,一,2049124,2017-08-21,否
2017,8,22,二,2073977,2017-08-22,否
2017,8,23,三,2133513,2017-08-23,否
2017,8,24,四,2142075,2017-08-24,否
2017,8,25,五,2274103,2017-08-25,否
2017,8,26,六,2062138,2017-08-26,是
2017,8,27,日,1679329,2017-08-27,是
2017,8,28,一,2116191,2017-08-28,否
2017,8,29,二,2058000,2017-08-29,否
2017,8,30,三,2066843,2017-08-30,否
2017,8,31,四,2060866,2017-08-31,否
2017,7,1,六,1823735,2017-07-01,是
2017,7,2,日,1645742,2017-07-02,是
2017,7,3,一,2027481,2017-07-03,否
2017,7,4,二,2058874,2017-07-04,否
2017,7,5,三,2109689,2017-07-05,否
2017,7,6,四,2122725,2017-07-06,否
2017,7,7,五,2255318,2017-07-07,否
2017,7,8,六,1916294,2017-07-08,是
2017,7,9,日,1665436,2017-07-09,是
2017,7,10,一,2075230,2017-07-10,否
2017,7,11,二,2108257,2017-07-11,否
2017,7,12,三,2141607,2017-07-12,否
2017,7,13,四,2166236,2017-07-13,否
2017,7,14,五,2256065,2017-07-14,否
2017,7,15,六,1927884,2017-07-15,是
2017,7,16,日,1660860,2017-07-16,是
2017,7,17,一,2048678,2017-07-17,否
2017,7,18,二,2091666,2017-07-18,否
2017,7,19,三,2086101,2017-07-19,否
2017,7,20,四,2108438,2017-07-20,否
2017,7,21,五,2227440,2017-07-21,否
2017,7,22,六,1863279,2017-07-22,是
2017,7,23,日,1609468,2017-07-23,是
2017,7,24,一,2018266,2017-07-24,否
2017,7,25,二,2071378,2017-07-25,否
2017,7,26,三,2087148,2017-07-26,否
2017,7,27,四,2101679,2017-07-27,否
2017,7,28,五,2207754,2017-07-28,否
2017,7,29,六,1318726,2017-07-29,是
2017,7,30,日,1057068,2017-07-30,是
2017,7,31,一,1987474,2017-07-31,否
2017,6,1,四,2108733,2017-06-01,否
2017,6,2,五,2065402,2017-06-02,否
2017,6,3,六,1961183,2017-06-03,否
2017,6,4,日,1509777,2017-06-04,是
2017,6,5,一,2038718,2017-06-05,否
2017,6,6,二,2077458,2017-06-06,否
2017,6,7,三,2099442,2017-06-07,否
2017,6,8,四,2097434,2017-06-08,否
2017,6,9,五,2290857,2017-06-09,否
2017,6,10,六,2028284,2017-06-10,是
2017,6,11,日,1666129,2017-06-11,是
2017,6,12,一,2031091,2017-06-12,否
2017,6,13,二,2068320,2017-06-13,否
2017,6,14,三,2052846,2017-06-14,否
2017,6,15,四,2151131,2017-06-15,否
2017,6,16,五,2275052,2017-06-16,否
2017,6,17,六,1745484,2017-06-17,是
2017,6,18,日,1504619,2017-06-18,是
2017,6,19,一,2045553,2017-06-19,否
2017,6,20,二,2067290,2017-06-20,否
2017,6,21,三,2115676,2017-06-21,否
2017,6,22,四,2142092,2017-06-22,否
2017,6,23,五,2301901,2017-06-23,否
2017,6,24,六,1943189,2017-06-24,是
2017,6,25,日,1665792,2017-06-25,是
2017,6,26,一,2014810,2017-06-26,否
2017,6,27,二,2053167,2017-06-27,否
2017,6,28,三,2072841,2017-06-28,否
2017,6,29,四,2089302,2017-06-29,否
2017,6,30,五,2316429,2017-06-30,否
2017,5,1,一,1766625,2017-05-01,是
2017,5,2,二,2080021,2017-05-02,否
2017,5,3,三,2142978,2017-05-03,否
2017,5,4,四,2152861,2017-05-04,否
2017,5,5,五,2352448,2017-05-05,否
2017,5,6,六,1987107,2017-05-06,是
2017,5,7,日,1748511,2017-05-07,是
2017,5,8,一,2055848,2017-05-08,否
2017,5,9,二,2088439,2017-05-09,否
2017,5,10,三,2116379,2017-05-10,否
2017,5,11,四,2123612,2017-05-11,否
2017,5,12,五,2337986,2017-05-12,否
2017,5,13,六,1916565,2017-05-13,是
2017,5,14,日,1599230,2017-05-14,是
2017,5,15,一,2035593,2017-05-15,否
2017,5,16,二,2091091,2017-05-16,否
2017,5,17,三,2112900,2017-05-17,否
2017,5,18,四,2118449,2017-05-18,否
2017,5,19,五,2405959,2017-05-19,否
2017,5,20,六,2092918,2017-05-20,是
2017,5,21,日,1794732,2017-05-21,是
2017,5,22,一,2056233,2017-05-22,否
2017,5,23,二,2072407,2017-05-23,否
2017,5,24,三,2096124,2017-05-24,否
2017,5,25,四,2118569,2017-05-25,否
2017,5,26,五,2283022,2017-05-26,否
2017,5,27,六,1766044,2017-05-27,是
2017,5,28,日,1704830,2017-05-28,是
2017,5,29,一,1658125,2017-05-29,是
2017,5,30,二,1358680,2017-05-30,是
2017,5,31,三,2097111,2017-05-31,否
2017,4,1,六,1822636,2017-04-01,是
2017,4,2,日,1773319,2017-04-02,是
2017,4,3,一,1712219,2017-04-03,是
2017,4,4,二,1460361,2017-04-04,是
2017,4,5,三,2059486,2017-04-05,否
2017,4,6,四,2132098,2017-04-06,否
2017,4,7,五,2336863,2017-04-07,否
2017,4,8,六,2044515,2017-04-08,是
2017,4,9,日,1772088,2017-04-09,是
2017,4,10,一,2082153,2017-04-10,否
2017,4,11,二,2145232,2017-04-11,否
2017,4,12,三,2180774,2017-04-12,否
2017,4,13,四,2180977,2017-04-13,否
2017,4,14,五,2362235,2017-04-14,否
2017,4,15,六,2063462,2017-04-15,是
2017,4,16,日,1731476,2017-04-16,是
2017,4,17,一,2048873,2017-04-17,否
2017,4,18,二,2086681,2017-04-18,否
2017,4,19,三,2139074,2017-04-19,否
2017,4,20,四,2146441,2017-04-20,否
2017,4,21,五,2364951,2017-04-21,否
2017,4,22,六,2019041,2017-04-22,是
2017,4,23,日,1754781,2017-04-23,是
2017,4,24,一,2050920,2017-04-24,否
2017,4,25,二,2095866,2017-04-25,否
2017,4,26,三,2116414,2017-04-26,否
2017,4,27,四,2158321,2017-04-27,否
2017,4,28,五,2361961,2017-04-28,否
2017,4,29,六,2031281,2017-04-29,是
2017,4,30,日,1800071,2017-04-30,是
2017,3,1,三,2088893,2017-03-01,否
2017,3,2,四,2084461,2017-03-02,否
2017,3,3,五,2287419,2017-03-03,否
2017,3,4,六,2012231,2017-03-04,是
2017,3,5,日,1770122,2017-03-05,是
2017,3,6,一,2101708,2017-03-06,否
2017,3,7,二,2150048,2017-03-07,否
2017,3,8,三,2203459,2017-03-08,否
2017,3,9,四,2198453,2017-03-09,否
2017,3,10,五,2400005,2017-03-10,否
2017,3,11,六,2100336,2017-03-11,是
2017,3,12,日,1831527,2017-03-12,是
2017,3,13,一,2129534,2017-03-13,否
2017,3,14,二,2168801,2017-03-14,否
2017,3,15,三,2175622,2017-03-15,否
2017,3,16,四,2212951,2017-03-16,否
2017,3,17,五,2396654,2017-03-17,否
2017,3,18,六,2118684,2017-03-18,是
2017,3,19,日,1720963,2017-03-19,是
2017,3,20,一,2081692,2017-03-20,否
2017,3,21,二,2129987,2017-03-21,否
2017,3,22,三,2182418,2017-03-22,否
2017,3,23,四,2203776,2017-03-23,否
2017,3,24,五,2401878,2017-03-24,否
2017,3,25,六,1975025,2017-03-25,是
2017,3,26,日,1655470,2017-03-26,是
2017,3,27,一,2102268,2017-03-27,否
2017,3,28,二,2143971,2017-03-28,否
2017,3,29,三,2266744,2017-03-29,否
2017,3,30,四,2173960,2017-03-30,否
2017,3,31,五,2329942,2017-03-31,否
2017,2,1,三,1565485,2017-02-01,是
2017,2,2,四,1990640,2017-02-02,否
2017,2,3,五,2161128,2017-02-03,否
2017,2,4,六,1994773,2017-02-04,是
2017,2,5,日,1711749,2017-02-05,是
2017,2,6,一,2145657,2017-02-06,否
2017,2,7,二,2205460,2017-02-07,否
2017,2,8,三,2247330,2017-02-08,否
2017,2,9,四,2180141,2017-02-09,否
2017,2,10,五,2360414,2017-02-10,否
2017,2,11,六,2101629,2017-02-11,是
2017,2,12,日,1828262,2017-02-12,是
2017,2,13,一,2101904,2017-02-13,否
2017,2,14,二,2165802,2017-02-14,否
2017,2,15,三,2132593,2017-02-15,否
2017,2,16,四,2141177,2017-02-16,否
2017,2,17,五,2268409,2017-02-17,否
2017,2,18,六,2228255,2017-02-18,否
2017,2,19,日,1861147,2017-02-19,是
2017,2,20,一,2126807,2017-02-20,否
2017,2,21,二,2152463,2017-02-21,否
2017,2,22,三,2140162,2017-02-22,否
2017,2,23,四,2154013,2017-02-23,否
2017,2,24,五,2345214,2017-02-24,否
2017,2,25,六,1807223,2017-02-25,是
2017,2,26,日,1721436,2017-02-26,是
2017,2,27,一,1852627,2017-02-27,是
2017,2,28,二,1615869,2017-02-28,是
2017,1,1,日,1884302,2017-01-01,是
2017,1,2,一,1613142,2017-01-02,是
2017,1,3,二,2086078,2017-01-03,否
2017,1,4,三,2102464,2017-01-04,否
2017,1,5,四,2121532,2017-01-05,否
2017,1,6,五,2315537,2017-01-06,否
2017,1,7,六,1939773,2017-01-07,是
2017,1,8,日,1569850,2017-01-08,是
2017,1,9,一,2045798,2017-01-09,否
2017,1,10,二,2089558,2017-01-10,否
2017,1,11,三,2114674,2017-01-11,否
2017,1,12,四,2138719,2017-01-12,否
2017,1,13,五,2360351,2017-01-13,否
2017,1,14,六,1934888,2017-01-14,是
2017,1,15,日,1659418,2017-01-15,是
2017,1,16,一,2086633,2017-01-16,否
2017,1,17,二,2137437,2017-01-17,否
2017,1,18,三,2155254,2017-01-18,否
2017,1,19,四,2302054,2017-01-19,否
2017,1,20,五,2369498,2017-01-20,否
2017,1,21,六,2014707,2017-01-21,是
2017,1,22,日,1832823,2017-01-22,是
2017,1,23,一,2204738,2017-01-23,否
2017,1,24,二,2242085,2017-01-24,否
2017,1,25,三,2172966,2017-01-25,否
2017,1,26,四,1902063,2017-01-26,否
2017,1,27,五,791835,2017-01-27,是
2017,1,28,六,1368910,2017-01-28,是
2017,1,29,日,1408008,2017-01-29,是
2017,1,30,一,1458457,2017-01-30,是
2017,1,31,二,1611514,2017-01-31,是
2016,12,1,四,2148344,2016-12-01,否
2016,12,2,五,2378002,2016-12-02,否
2016,12,3,六,2269265,2016-12-03,是
2016,12,4,日,1891798,2016-12-04,是
2016,12,5,一,2093921,2016-12-05,否
2016,12,6,二,2129652,2016-12-06,否
2016,12,7,三,2174319,2016-12-07,否
2016,12,8,四,2180559,2016-12-08,否
2016,12,9,五,2433538,2016-12-09,否
2016,12,10,六,2447633,2016-12-10,是
2016,12,11,日,1925190,2016-12-11,是
2016,12,12,一,2144510,2016-12-12,否
2016,12,13,二,2148969,2016-12-13,否
2016,12,14,三,2164732,2016-12-14,否
2016,12,15,四,2202425,2016-12-15,否
2016,12,16,五,2461785,2016-12-16,否
2016,12,17,六,2397963,2016-12-17,是
2016,12,18,日,2035600,2016-12-18,是
2016,12,19,一,2146537,2016-12-19,否
2016,12,20,二,2186131,2016-12-20,否
2016,12,21,三,2206506,2016-12-21,否
2016,12,22,四,2246421,2016-12-22,否
2016,12,23,五,2539837,2016-12-23,否
2016,12,24,六,2429286,2016-12-24,是
2016,12,25,日,2123416,2016-12-25,是
2016,12,26,一,2132507,2016-12-26,否
2016,12,27,二,2172121,2016-12-27,否
2016,12,28,三,2219320,2016-12-28,否
2016,12,29,四,2247334,2016-12-29,否
2016,12,30,五,2457300,2016-12-30,否
2016,12,31,六,2640393,2016-12-31,是
2016,11,1,二,2074134,2016-11-01,否
2016,11,2,三,2078904,2016-11-02,否
2016,11,3,四,2098384,2016-11-03,否
2016,11,4,五,2332643,2016-11-04,否
2016,11,5,六,2091304,2016-11-05,是
2016,11,6,日,1766270,2016-11-06,是
2016,11,7,一,2061076,2016-11-07,否
2016,11,8,二,2059786,2016-11-08,否
2016,11,9,三,2089842,2016-11-09,否
2016,11,10,四,2192592,2016-11-10,否
2016,11,11,五,2319395,2016-11-11,否
2016,11,12,六,2085592,2016-11-12,是
2016,11,13,日,1776001,2016-11-13,是
2016,11,14,一,2061484,2016-11-14,否
2016,11,15,二,2099359,2016-11-15,否
2016,11,16,三,2130798,2016-11-16,否
2016,11,17,四,2166097,2016-11-17,否
2016,11,18,五,2391424,2016-11-18,否
2016,11,19,六,2124667,2016-11-19,是
2016,11,20,日,1812300,2016-11-20,是
2016,11,21,一,2122039,2016-11-21,否
2016,11,22,二,2116384,2016-11-22,否
2016,11,23,三,2160285,2016-11-23,否
2016,11,24,四,2182983,2016-11-24,否
2016,11,25,五,2367231,2016-11-25,否
2016,11,26,六,2063926,2016-11-26,是
2016,11,27,日,1637477,2016-11-27,是
2016,11,28,一,2089090,2016-11-28,否
2016,11,29,二,2108285,2016-11-29,否
2016,11,30,三,2136271,2016-11-30,否
2016,10,1,六,2027313,2016-10-01,是
2016,10,2,日,1682509,2016-10-02,是
2016,10,3,一,2077398,2016-10-03,否
2016,10,4,二,2120151,2016-10-04,否
2016,10,5,三,2156306,2016-10-05,否
2016,10,6,四,2166085,2016-10-06,否
2016,10,7,五,2374093,2016-10-07,否
2016,10,8,六,1848146,2016-10-08,是
2016,10,9,日,1594762,2016-10-09,是
2016,10,10,一,1533029,2016-10-10,是
2016,10,11,二,2122463,2016-10-11,否
2016,10,12,三,2162674,2016-10-12,否
2016,10,13,四,2172968,2016-10-13,否
2016,10,14,五,2375774,2016-10-14,否
2016,10,15,六,2095274,2016-10-15,是
2016,10,16,日,1770802,2016-10-16,是
2016,10,17,一,2054087,2016-10-17,否
2016,10,18,二,2095013,2016-10-18,否
2016,10,19,三,2118438,2016-10-19,否
2016,10,20,四,2118636,2016-10-20,否
2016,10,21,五,2300375,2016-10-21,否
2016,10,22,六,1993385,2016-10-22,是
2016,10,23,日,1718588,2016-10-23,是
2016,10,24,一,2055085,2016-10-24,否
2016,10,25,二,1897025,2016-10-25,否
2016,10,26,三,2108092,2016-10-26,否
2016,10,27,四,2116422,2016-10-27,否
2016,10,28,五,2307124,2016-10-28,否
2016,10,29,六,2043614,2016-10-29,是
2016,10,30,日,1757436,2016-10-30,是
2016,10,31,一,1839311,2016-10-31,否
2016,9,1,四,2071956,2016-09-01,否
2016,9,2,五,2222173,2016-09-02,否
2016,9,3,六,2092500,2016-09-03,是
2016,9,4,日,1672593,2016-09-04,是
2016,9,5,一,2051581,2016-09-05,否
2016,9,6,二,2072117,2016-09-06,否
2016,9,7,三,2107294,2016-09-07,否
2016,9,8,四,2124783,2016-09-08,否
2016,9,9,五,2227394,2016-09-09,否
2016,9,10,六,2152507,2016-09-10,否
2016,9,11,日,1788368,2016-09-11,是
2016,9,12,一,2115828,2016-09-12,否
2016,9,13,二,2135404,2016-09-13,否
2016,9,14,三,2009847,2016-09-14,否
2016,9,15,四,1291609,2016-09-15,是
2016,9,16,五,1594095,2016-09-16,是
2016,9,17,六,856176,2016-09-17,是
2016,9,18,日,1528804,2016-09-18,是
2016,9,19,一,2033796,2016-09-19,否
2016,9,20,二,2075592,2016-09-20,否
2016,9,21,三,2099653,2016-09-21,否
2016,9,22,四,2097947,2016-09-22,否
2016,9,23,五,2295456,2016-09-23,否
2016,9,24,六,2067411,2016-09-24,是
2016,9,25,日,1695194,2016-09-25,是
2016,9,26,一,2050059,2016-09-26,否
2016,9,27,二,150242,2016-09-27,否
2016,9,28,三,1133027,2016-09-28,否
2016,9,29,四,2104662,2016-09-29,否
2016,9,30,五,2311381,2016-09-30,否
2016,8,1,一,2024048,2016-08-01,否
2016,8,2,二,2044790,2016-08-02,否
2016,8,3,三,2068432,2016-08-03,否
2016,8,4,四,2095718,2016-08-04,否
2016,8,5,五,2250765,2016-08-05,否
2016,8,6,六,1926113,2016-08-06,是
2016,8,7,日,1616707,2016-08-07,是
2016,8,8,一,2002855,2016-08-08,否
2016,8,9,二,2102402,2016-08-09,否
2016,8,10,三,2136288,2016-08-10,否
2016,8,11,四,2148121,2016-08-11,否
2016,8,12,五,2296179,2016-08-12,否
2016,8,13,六,2024714,2016-08-13,是
2016,8,14,日,1751907,2016-08-14,是
2016,8,15,一,2084316,2016-08-15,否
2016,8,16,二,2099395,2016-08-16,否
2016,8,17,三,2023387,2016-08-17,否
2016,8,18,四,2131199,2016-08-18,否
2016,8,19,五,2243406,2016-08-19,否
2016,8,20,六,1980454,2016-08-20,是
2016,8,21,日,1709172,2016-08-21,是
2016,8,22,一,2034753,2016-08-22,否
2016,8,23,二,2097749,2016-08-23,否
2016,8,24,三,2136471,2016-08-24,否
2016,8,25,四,2128694,2016-08-25,否
2016,8,26,五,2243950,2016-08-26,否
2016,8,27,六,1957100,2016-08-27,是
2016,8,28,日,1608973,2016-08-28,是
2016,8,29,一,2027089,2016-08-29,否
2016,8,30,二,2041931,2016-08-30,否
2016,8,31,三,2066324,2016-08-31,否
2016,7,1,五,2231306,2016-07-01,否
2016,7,2,六,1829985,2016-07-02,是
2016,7,3,日,1640386,2016-07-03,是
2016,7,4,一,2053298,2016-07-04,否
2016,7,5,二,2101983,2016-07-05,否
2016,7,6,三,2155775,2016-07-06,否
2016,7,7,四,1922765,2016-07-07,否
2016,7,8,五,612520,2016-07-08,否
2016,7,9,六,1826588,2016-07-09,是
2016,7,10,日,1639536,2016-07-10,是
2016,7,11,一,2112239,2016-07-11,否
2016,7,12,二,2139596,2016-07-12,否
2016,7,13,三,2137249,2016-07-13,否
2016,7,14,四,2139774,2016-07-14,否
2016,7,15,五,2265432,2016-07-15,否
2016,7,16,六,1979353,2016-07-16,是
2016,7,17,日,1665041,2016-07-17,是
2016,7,18,一,2022423,2016-07-18,否
2016,7,19,二,2085492,2016-07-19,否
2016,7,20,三,2100772,2016-07-20,否
2016,7,21,四,2135509,2016-07-21,否
2016,7,22,五,2255931,2016-07-22,否
2016,7,23,六,1963725,2016-07-23,是
2016,7,24,日,1656870,2016-07-24,是
2016,7,25,一,2020502,2016-07-25,否
2016,7,26,二,2078489,2016-07-26,否
2016,7,27,三,2109408,2016-07-27,否
2016,7,28,四,2107261,2016-07-28,否
2016,7,29,五,2243133,2016-07-29,否
2016,7,30,六,1912883,2016-07-30,是
2016,7,31,日,1668929,2016-07-31,是
2016,6,1,三,2085241,2016-06-01,否
2016,6,2,四,2057406,2016-06-02,否
2016,6,3,五,2217653,2016-06-03,否
2016,6,4,六,2141420,2016-06-04,否
2016,6,5,日,1628951,2016-06-05,是
2016,6,6,一,2009914,2016-06-06,否
2016,6,7,二,2060645,2016-06-07,否
2016,6,8,三,2206745,2016-06-08,否
2016,6,9,四,1383568,2016-06-09,是
2016,6,10,五,1644107,2016-06-10,是
2016,6,11,六,1656988,2016-06-11,是
2016,6,12,日,1545124,2016-06-12,是
2016,6,13,一,1998527,2016-06-13,否
2016,6,14,二,2020762,2016-06-14,否
2016,6,15,三,2087579,2016-06-15,否
2016,6,16,四,2082883,2016-06-16,否
2016,6,17,五,2238000,2016-06-17,否
2016,6,18,六,1919994,2016-06-18,是
2016,6,19,日,1633198,2016-06-19,是
2016,6,20,一,2000513,2016-06-20,否
2016,6,21,二,2052881,2016-06-21,否
2016,6,22,三,2097523,2016-06-22,否
2016,6,23,四,2102941,2016-06-23,否
2016,6,24,五,2274718,2016-06-24,否
2016,6,25,六,1938883,2016-06-25,是
2016,6,26,日,1588645,2016-06-26,是
2016,6,27,一,2004035,2016-06-27,否
2016,6,28,二,2006246,2016-06-28,否
2016,6,29,三,2072423,2016-06-29,否
2016,6,30,四,2185900,2016-06-30,否
2023,1,1,日,1474502,2023-01-01,是
2023,1,2,一,1254972,2023-01-02,是
2023,1,3,二,1995196,2023-01-03,否
2023,1,4,三,2023801,2023-01-04,否
2023,1,5,四,2045427,2023-01-05,否
2023,1,6,五,2155358,2023-01-06,否
2023,1,7,六,2014219,2023-01-07,否
2023,1,8,日,1448566,2023-01-08,是
2023,1,9,一,1982168,2023-01-09,否
2023,1,10,二,2022906,2023-01-10,否
2023,1,11,三,2054177,2023-01-11,否
2023,1,12,四,2078503,2023-01-12,否
2023,1,13,五,2204798,2023-01-13,否
2023,1,14,六,1764345,2023-01-14,是
2023,1,15,日,1403617,2023-01-15,是
2023,1,16,一,2023586,2023-01-16,否
2023,1,17,二,2071902,2023-01-17,否
2023,1,18,三,2093895,2023-01-18,否
2023,1,19,四,2124318,2023-01-19,否
2023,1,20,五,1141551,2023-01-20,是
2023,1,21,六,678123,2023-01-21,是
2023,1,22,日,1186130,2023-01-22,是
2023,1,23,一,1085907,2023-01-23,是
2023,1,24,二,1077470,2023-01-24,是
2023,1,25,三,1287408,2023-01-25,是
2023,1,26,四,1502305,2023-01-26,是
2023,1,27,五,1450330,2023-01-27,是
2023,1,28,六,1495065,2023-01-28,是
2023,1,29,日,1388536,2023-01-29,是
2023,1,30,一,1946630,2023-01-30,否
2023,1,31,二,2026675,2023-01-31,否
2023,2,1,三,2023672,2023-02-01,否
2023,2,2,四,1998134,2023-02-02,否
2023,2,3,五,2139509,2023-02-03,否
2023,2,4,六,2137068,2023-02-04,否
2023,2,5,日,1519885,2023-02-05,是
2023,2,6,一,2009911,2023-02-06,否
2023,2,7,二,2080820,2023-02-07,否
2023,2,8,三,2125207,2023-02-08,否
2023,2,9,四,2147007,2023-02-09,否
2023,2,10,五,2259225,2023-02-10,否
2023,2,11,六,2108319,2023-02-11,是
2023,2,12,日,1649207,2023-02-12,是
2023,2,13,一,2055446,2023-02-13,否
2023,2,14,二,2104954,2023-02-14,否
2023,2,15,三,2109723,2023-02-15,否
2023,2,16,四,2163261,2023-02-16,否
2023,2,17,五,2319358,2023-02-17,否
2023,2,18,六,2287384,2023-02-18,否
2023,2,19,日,1630072,2023-02-19,是
2023,2,20,一,2033153,2023-02-20,否
2023,2,21,二,2094357,2023-02-21,否
2023,2,22,三,2121864,2023-02-22,否
2023,2,23,四,2129212,2023-02-23,否
2023,2,24,五,2285131,2023-02-24,否
2023,2,25,六,1717680,2023-02-25,是
2023,2,26,日,1594468,2023-02-26,是
2023,2,27,一,1745939,2023-02-27,是
2023,2,28,二,1501044,2023-02-28,是
2023,3,1,三,2070020,2023-03-01,否
2023,3,2,四,2073903,2023-03-02,否
2023,3,3,五,2255460,2023-03-03,否
2023,3,4,六,1776861,2023-03-04,是
2023,3,5,日,1517231,2023-03-05,是
2023,3,6,一,2062647,2023-03-06,否
2023,3,7,二,2123173,2023-03-07,否
2023,3,8,三,2154368,2023-03-08,否
2023,3,9,四,2146797,2023-03-09,否
2023,3,10,五,2332497,2023-03-10,否
2023,3,11,六,1891975,2023-03-11,是
2023,3,12,日,1519673,2023-03-12,是
2023,3,13,一,2024246,2023-03-13,否
2023,3,14,二,2107021,2023-03-14,否
2023,3,15,三,2144262,2023-03-15,否
2023,3,16,四,2128530,2023-03-16,否
2023,3,17,五,2289945,2023-03-17,否
2023,3,18,六,1798121,2023-03-18,是
2023,3,19,日,1485378,2023-03-19,是
2023,3,20,一,2022732,2023-03-20,否
2023,3,21,二,2095487,2023-03-21,否
2023,3,22,三,2122303,2023-03-22,否
2023,3,23,四,2129856,2023-03-23,否
2023,3,24,五,2239436,2023-03-24,否
2023,3,25,六,2069842,2023-03-25,否
2023,3,26,日,1401705,2023-03-26,是
2023,3,27,一,2040569,2023-03-27,否
2023,3,28,二,2088627,2023-03-28,否
2023,3,29,三,2123107,2023-03-29,否
2023,3,30,四,2113722,2023-03-30,否
2023,3,31,五,2255993,2023-03-31,否
2023,4,1,六,1526928,2023-04-01,是
2023,4,2,日,1536733,2023-04-02,是
2023,4,3,一,1575868,2023-04-03,是
2023,4,4,二,1488390,2023-04-04,是
2023,4,5,三,1246204,2023-04-05,是
2023,4,6,四,2030171,2023-04-06,否
2023,4,7,五,2192073,2023-04-07,否
2023,4,8,六,1732170,2023-04-08,是
2023,4,9,日,1442672,2023-04-09,是
2023,4,10,一,2046672,2023-04-10,否
2023,4,11,二,2095812,2023-04-11,否
2023,4,12,三,2137043,2023-04-12,否
2023,4,13,四,2128924,2023-04-13,否
2023,4,14,五,2293314,2023-04-14,否
2023,4,15,六,1716643,2023-04-15,是
2023,4,16,日,1552740,2023-04-16,是
2023,4,17,一,2020583,2023-04-17,否
2023,4,18,二,2078833,2023-04-18,否
2023,4,19,三,2083579,2023-04-19,否
2023,4,20,四,2087112,2023-04-20,否
2023,4,21,五,2275774,2023-04-21,否
2023,4,22,六,1837257,2023-04-22,是
2023,4,23,日,1556359,2023-04-23,是
2023,4,24,一,2004865,2023-04-24,否
2023,4,25,二,2080363,2023-04-25,否
2023,4,26,三,2097289,2023-04-26,否
2023,4,27,四,2134974,2023-04-27,否
2023,4,28,五,2301429,2023-04-28,否
2023,4,29,六,1808129,2023-04-29,是
2023,4,30,日,1575665,2023-04-30,是
2023,5,1,一,1636575,2023-05-01,是
2023,5,2,二,2073009,2023-05-02,否
2023,5,3,三,2115944,2023-05-03,否
2023,5,4,四,2134354,2023-05-04,否
2023,5,5,五,2295530,2023-05-05,否
2023,5,6,六,1815619,2023-05-06,是
2023,5,7,日,1387511,2023-05-07,是
2023,5,8,一,2020296,2023-05-08,否
2023,5,9,二,2082285,2023-05-09,否
2023,5,10,三,2117410,2023-05-10,否
2023,5,11,四,2128706,2023-05-11,否
2023,5,12,五,2304155,2023-05-12,否
2023,5,13,六,1659583,2023-05-13,是
2023,5,14,日,1385422,2023-05-14,是
2023,5,15,一,2009958,2023-05-15,否
2023,5,16,二,2060572,2023-05-16,否
2023,5,17,三,2080355,2023-05-17,否
2023,5,18,四,2098389,2023-05-18,否
2023,5,19,五,2285127,2023-05-19,否
2023,5,20,六,1794400,2023-05-20,是
2023,5,21,日,1528584,2023-05-21,是
2023,5,22,一,2022062,2023-05-22,否
2023,5,23,二,1980822,2023-05-23,否
2023,5,24,三,2046246,2023-05-24,否
2023,5,25,四,2043912,2023-05-25,否
2023,5,26,五,2207620,2023-05-26,否
2023,5,27,六,1797204,2023-05-27,是
2023,5,28,日,1441174,2023-05-28,是
2023,5,29,一,1955135,2023-05-29,否
2023,5,30,二,2022702,2023-05-30,否
2023,5,31,三,1979630,2023-05-31,否
2023,6,1,四,2031673,2023-06-01,否
2023,6,2,五,2198413,2023-06-02,否
2023,6,3,六,1676624,2023-06-03,是
2023,6,4,日,1318584,2023-06-04,是
2023,6,5,一,1940470,2023-06-05,否
2023,6,6,二,1994582,2023-06-06,否
2023,6,7,三,2001247,2023-06-07,否
2023,6,8,四,2012483,2023-06-08,否
2023,6,9,五,2162292,2023-06-09,否
2023,6,10,六,1683938,2023-06-10,是
2023,6,11,日,1376169,2023-06-11,是
2023,6,12,一,1932948,2023-06-12,否
2023,6,13,二,1995095,2023-06-13,否
2023,6,14,三,2045434,2023-06-14,否
2023,6,15,四,2044647,2023-06-15,否
2023,6,16,五,2117225,2023-06-16,否
2023,6,17,六,1953359,2023-06-17,否
2023,6,18,日,1384960,2023-06-18,是
2023,6,19,一,1915452,2023-06-19,否
2023,6,20,二,1974660,2023-06-20,否
2023,6,21,三,2038308,2023-06-21,否
2023,6,22,四,1174526,2023-06-22,是
2023,6,23,五,1329754,2023-06-23,是
2023,6,24,六,1421177,2023-06-24,是
2023,6,25,日,1248404,2023-06-25,是
2023,6,26,一,1881823,2023-06-26,否
2023,6,27,二,1949355,2023-06-27,否
2023,6,28,三,1978034,2023-06-28,否
2023,6,29,四,2013353,2023-06-29,否
2023,6,30,五,2192205,2023-06-30,否
2023,7,1,六,1661151,2023-07-01,是
2023,7,2,日,1378618,2023-07-02,是
2023,7,3,一,1949879,2023-07-03,否
2023,7,4,二,1994693,2023-07-04,否
2023,7,5,三,2033132,2023-07-05,否
2023,7,6,四,2020030,2023-07-06,否
2023,7,7,五,2135757,2023-07-07,否
2023,7,8,六,1710882,2023-07-08,是
2023,7,9,日,1396508,2023-07-09,是
2023,7,10,一,1935028,2023-07-10,否
2023,7,11,二,1970586,2023-07-11,否
2023,7,12,三,2033668,2023-07-12,否
2023,7,13,四,2026026,2023-07-13,否
2023,7,14,五,2200004,2023-07-14,否
2023,7,15,六,1746549,2023-07-15,是
2023,7,16,日,1492344,2023-07-16,是
2023,7,17,一,1943824,2023-07-17,否
2023,7,18,二,1999404,2023-07-18,否
2023,7,19,三,2054351,2023-07-19,否
2023,7,20,四,2023324,2023-07-20,否
2023,7,21,五,2161715,2023-07-21,否
2023,7,22,六,1681307,2023-07-22,是
2023,7,23,日,1427537,2023-07-23,是
2023,7,24,一,1947358,2023-07-24,否
2023,7,25,二,2023001,2023-07-25,否
2023,7,26,三,1846445,2023-07-26,否
2023,7,27,四,1887356,2023-07-27,否
2023,7,28,五,2168825,2023-07-28,否
2023,7,29,六,1758680,2023-07-29,是
2023,7,30,日,1445167,2023-07-30,是
2023,7,31,一,1993040,2023-07-31,否
2023,8,1,二,2000523,2023-08-01,否
2023,8,2,三,2016882,2023-08-02,否
2023,8,3,四,506181,2023-08-03,否
2023,8,4,五,2116040,2023-08-04,否
2023,8,5,六,1713064,2023-08-05,是
2023,8,6,日,1448627,2023-08-06,是
2023,8,7,一,2008178,2023-08-07,否
2023,8,8,二,2025572,2023-08-08,否
2023,8,9,三,2100614,2023-08-09,否
2023,8,10,四,2092183,2023-08-10,否
2023,8,11,五,2201998,2023-08-11,否
2023,8,12,六,1803215,2023-08-12,是
2023,8,13,日,1521035,2023-08-13,是
2023,8,14,一,2009998,2023-08-14,否
2023,8,15,二,2070371,2023-08-15,否
2023,8,16,三,2022045,2023-08-16,否
2023,8,17,四,2048112,2023-08-17,否
2023,8,18,五,2216597,2023-08-18,否
2023,8,19,六,1822579,2023-08-19,是
2023,8,20,日,1563169,2023-08-20,是
2023,8,21,一,1998115,2023-08-21,否
2023,8,22,二,2057049,2023-08-22,否
2023,8,23,三,2077732,2023-08-23,否
2023,8,24,四,2092046,2023-08-24,否
2023,8,25,五,2205638,2023-08-25,否
2023,8,26,六,1736877,2023-08-26,是
2023,8,27,日,1434871,2023-08-27,是
2023,8,28,一,1963252,2023-08-28,否
2023,8,29,二,1976314,2023-08-29,否
2023,8,30,三,1949764,2023-08-30,否
2023,8,31,四,2040717,2023-08-31,否
2023,9,1,五,2171144,2023-09-01,否
2023,9,2,六,1488748,2023-09-02,是
2023,9,3,日,1042421,2023-09-03,是
2023,9,4,一,1937294,2023-09-04,否
2023,9,5,二,2053824,2023-09-05,否
2023,9,6,三,2108819,2023-09-06,否
2023,9,7,四,2139966,2023-09-07,否
2023,9,8,五,2276015,2023-09-08,否
2023,9,9,六,1821806,2023-09-09,是
2023,9,10,日,1514390,2023-09-10,是
2023,9,11,一,2042488,2023-09-11,否
2023,9,12,二,2092672,2023-09-12,否
2023,9,13,三,2109429,2023-09-13,否
2023,9,14,四,2118043,2023-09-14,否
2023,9,15,五,2305635,2023-09-15,否
2023,9,16,六,1916132,2023-09-16,是
2023,9,17,日,1537767,2023-09-17,是
2023,9,18,一,2038046,2023-09-18,否
2023,9,19,二,2097185,2023-09-19,否
2023,9,20,三,2146495,2023-09-20,否
2023,9,21,四,2123106,2023-09-21,否
2023,9,22,五,2252621,2023-09-22,否
2023,9,23,六,2100196,2023-09-23,否
2023,9,24,日,1508552,2023-09-24,是
2023,9,25,一,2066059,2023-09-25,否
2023,9,26,二,2154927,2023-09-26,否
2023,9,27,三,2204852,2023-09-27,否
2023,9,28,四,2268584,2023-09-28,否
2023,9,29,五,1396582,2023-09-29,是
2023,9,30,六,1522092,2023-09-30,是
2023,10,1,日,1366488,2023-10-01,是
2023,10,2,一,2051687,2023-10-02,否
2023,10,3,二,2103510,2023-10-03,否
2023,10,4,三,2064996,2023-10-04,否
2023,10,5,四,2056375,2023-10-05,否
2023,10,6,五,2297772,2023-10-06,否
2023,10,7,六,1782614,2023-10-07,是
2023,10,8,日,1566820,2023-10-08,是
2023,10,9,一,1564545,2023-10-09,是
2023,10,10,二,1357852,2023-10-10,是
2023,10,11,三,2099483,2023-10-11,否
2023,10,12,四,2144230,2023-10-12,否
2023,10,13,五,2301398,2023-10-13,否
2023,10,14,六,1875612,2023-10-14,是
2023,10,15,日,1555977,2023-10-15,是
2023,10,16,一,2057570,2023-10-16,否
2023,10,17,二,2143753,2023-10-17,否
2023,10,18,三,2185548,2023-10-18,否
2023,10,19,四,2193952,2023-10-19,否
2023,10,20,五,2368355,2023-10-20,否
2023,10,21,六,1898223,2023-10-21,是
2023,10,22,日,1600494,2023-10-22,是
2023,10,23,一,2090014,2023-10-23,否
2023,10,24,二,2132283,2023-10-24,否
2023,10,25,三,2172892,2023-10-25,否
2023,10,26,四,2183880,2023-10-26,否
2023,10,27,五,2350478,2023-10-27,否
2023,10,28,六,1909644,2023-10-28,是
2023,10,29,日,1527848,2023-10-29,是
2023,10,30,一,2072738,2023-10-30,否
2023,10,31,二,2137181,2023-10-31,否
2023,11,1,三,2136324,2023-11-01,否
2023,11,2,四,2149691,2023-11-02,否
2023,11,3,五,2356084,2023-11-03,否
2023,11,4,六,1959567,2023-11-04,是
2023,11,5,日,1603673,2023-11-05,是
2023,11,6,一,2066673,2023-11-06,否
2023,11,7,二,2122120,2023-11-07,否
2023,11,8,三,2151645,2023-11-08,否
2023,11,9,四,2196279,2023-11-09,否
2023,11,10,五,2382715,2023-11-10,否
2023,11,11,六,2014300,2023-11-11,是
2023,11,12,日,1608643,2023-11-12,是
2023,11,13,一,2091361,2023-11-13,否
2023,11,14,二,2162534,2023-11-14,否
2023,11,15,三,2213135,2023-11-15,否
2023,11,16,四,2202407,2023-11-16,否
2023,11,17,五,2432571,2023-11-17,否
2023,11,18,六,2055608,2023-11-18,是
2023,11,19,日,1689424,2023-11-19,是
2023,11,20,一,2147584,2023-11-20,否
2023,11,21,二,2164081,2023-11-21,否
2023,11,22,三,2182364,2023-11-22,否
2023,11,23,四,2207189,2023-11-23,否
2023,11,24,五,2388018,2023-11-24,否
2023,11,25,六,1937272,2023-11-25,是
2023,11,26,日,1533824,2023-11-26,是
2023,11,27,一,2090700,2023-11-27,否
2023,11,28,二,2167573,2023-11-28,否
2023,11,29,三,2195575,2023-11-29,否
2023,11,30,四,2231905,2023-11-30,否
2023,12,1,五,2403483,2023-12-01,否
2023,12,2,六,2004067,2023-12-02,是
2023,12,3,日,1701607,2023-12-03,是
2023,12,4,一,2086450,2023-12-04,否
2023,12,5,二,2173857,2023-12-05,否
2023,12,6,三,2195908,2023-12-06,否
2023,12,7,四,2268725,2023-12-07,否
2023,12,8,五,2491416,2023-12-08,否
2023,12,9,六,2201096,2023-12-09,是
2023,12,10,日,1804086,2023-12-10,是
2023,12,11,一,2130775,2023-12-11,否
2023,12,12,二,2195542,2023-12-12,否
2023,12,13,三,2216907,2023-12-13,否
2023,12,14,四,2250944,2023-12-14,否
2023,12,15,五,2462196,2023-12-15,否
2023,12,16,六,2078726,2023-12-16,是
2023,12,17,日,1700108,2023-12-17,是
2023,12,18,一,2158796,2023-12-18,否
2023,12,19,二,2200935,2023-12-19,否
2023,12,20,三,2238461,2023-12-20,否
2023,12,21,四,2251908,2023-12-21,否
2023,12,22,五,2444638,2023-12-22,否
2023,12,23,六,2097712,2023-12-23,是
2023,12,24,日,1740565,2023-12-24,是
2023,12,25,一,2247241,2023-12-25,否
2023,12,26,二,2256766,2023-12-26,否
2023,12,27,三,2280986,2023-12-27,否
2023,12,28,四,2281513,2023-12-28,否
2023,12,29,五,2441636,2023-12-29,否
2023,12,30,六,1917995,2023-12-30,是
2023,12,31,日,2383109,2023-12-31,是
2024,1,1,一,1441883,2024-01-01,是
2024,1,2,二,2110822,2024-01-02,否
2024,1,3,三,2125955,2024-01-03,否
2024,1,4,四,2169893,2024-01-04,否
2024,1,5,五,2335268,2024-01-05,否
2024,1,6,六,1828165,2024-01-06,是
2024,1,7,日,1451385,2024-01-07,是
2024,1,8,一,2080699,2024-01-08,否
2024,1,9,二,2130817,2024-01-09,否
2024,1,10,三,2164767,2024-01-10,否
2024,1,11,四,2249414,2024-01-11,否
2024,1,12,五,2489648,2024-01-12,否
2024,1,13,六,1680030,2024-01-13,是
2024,1,14,日,1512328,2024-01-14,是
2024,1,15,一,2038057,2024-01-15,否
2024,1,16,二,2123774,2024-01-16,否
2024,1,17,三,2140779,2024-01-17,否
2024,1,18,四,2167956,2024-01-18,否
2024,1,19,五,2417664,2024-01-19,否
2024,1,20,六,1893225,2024-01-20,是
2024,1,21,日,1486937,2024-01-21,是
2024,1,22,一,2060400,2024-01-22,否
2024,1,23,二,2071844,2024-01-23,否
2024,1,24,三,2125588,2024-01-24,否
2024,1,25,四,2194985,2024-01-25,否
2024,1,26,五,2364790,2024-01-26,否
2024,1,27,六,1846287,2024-01-27,是
2024,1,28,日,1572028,2024-01-28,是
2024,1,29,一,2096197,2024-01-29,否
2024,1,30,二,2165737,2024-01-30,否
2024,1,31,三,2204354,2024-01-31,否
2024,2,1,四,2224040,2024-02-01,否
2024,2,2,五,2326691,2024-02-02,否
2024,2,3,六,1834143,2024-02-03,是
2024,2,4,日,1560851,2024-02-04,是
2024,2,5,一,2133470,2024-02-05,否
2024,2,6,二,2158554,2024-02-06,否
2024,2,7,三,2076028,2024-02-07,否
2024,2,8,四,1179782,2024-02-08,是
2024,2,9,五,743623,2024-02-09,是
2024,2,10,六,1278323,2024-02-10,是
2024,2,11,日,1382946,2024-02-11,是
2024,2,12,一,1510143,2024-02-12,是
2024,2,13,二,1565042,2024-02-13,是
2024,2,14,三,1534807,2024-02-14,是
2024,2,15,四,1986383,2024-02-15,否
2024,2,16,五,2085342,2024-02-16,否
2024,2,17,六,2118114,2024-02-17,否
2024,2,18,日,1581228,2024-02-18,是
2024,2,19,一,2104925,2024-02-19,否
2024,2,20,二,2179250,2024-02-20,否
2024,2,21,三,2201190,2024-02-21,否
2024,2,22,四,2221289,2024-02-22,否
2024,2,23,五,2436989,2024-02-23,否
2024,2,24,六,2038079,2024-02-24,是
2024,2,25,日,1688881,2024-02-25,是
2024,2,26,一,2122246,2024-02-26,否
2024,2,27,二,2285968,2024-02-27,否
2024,2,28,三,1723554,2024-02-28,是
2024,2,29,四,2247858,2024-02-29,否
2024,3,1,五,2345271,2024-03-01,否
2024,3,2,六,1772725,2024-03-02,是
2024,3,3,日,1566939,2024-03-03,是
2024,3,4,一,2151650,2024-03-04,否
2024,3,5,二,2229595,2024-03-05,否
2024,3,6,三,2223804,2024-03-06,否
2024,3,7,四,2223545,2024-03-07,否
2024,3,8,五,2446862,2024-03-08,否
2024,3,9,六,1910916,2024-03-09,是
2024,3,10,日,1595092,2024-03-10,是
2024,3,11,一,2142941,2024-03-11,否
2024,3,12,二,2246921,2024-03-12,否
2024,3,13,三,2243736,2024-03-13,否
2024,3,14,四,2257124,2024-03-14,否
2024,3,15,五,2427878,2024-03-15,否
2024,3,16,六,1978975,2024-03-16,是
2024,3,17,日,1663197,2024-03-17,是
2024,3,18,一,2136705,2024-03-18,否
2024,3,19,二,2179850,2024-03-19,否
2024,3,20,三,2241858,2024-03-20,否
2024,3,21,四,2236708,2024-03-21,否
2024,3,22,五,2396694,2024-03-22,否
2024,3,23,六,1898846,2024-03-23,是
2024,3,24,日,1553725,2024-03-24,是
2024,3,25,一,2120948,2024-03-25,否
2024,3,26,二,2194245,2024-03-26,否
2024,3,27,三,2243044,2024-03-27,否
2024,3,28,四,2259013,2024-03-28,否
2024,3,29,五,2400389,2024-03-29,否
2024,3,30,六,1867490,2024-03-30,是
2024,3,31,日,1471619,2024-03-31,是
2024,4,1,一,2083410,2024-04-01,否
2024,4,2,二,2165625,2024-04-02,否
2024,4,3,三,1896482,2024-04-03,否
2024,4,4,四,1384656,2024-04-04,是
2024,4,5,五,1551316,2024-04-05,是
2024,4,6,六,1631133,2024-04-06,是
2024,4,7,日,1411666,2024-04-07,是
2024,4,8,一,2067526,2024-04-08,否
2024,4,9,二,2130390,2024-04-09,否
2024,4,10,三,2178446,2024-04-10,否
2024,4,11,四,2194442,2024-04-11,否
2024,4,12,五,2366249,2024-04-12,否
2024,4,13,六,1902974,2024-04-13,是
2024,4,14,日,1588323,2024-04-14,是
2024,4,15,一,2096083,2024-04-15,否
2024,4,16,二,2138909,2024-04-16,否
2024,4,17,三,2186074,2024-04-17,否
2024,4,18,四,2192321,2024-04-18,否
2024,4,19,五,2371867,2024-04-19,否
2024,4,20,六,1945392,2024-04-20,是
2024,4,21,日,1589021,2024-04-21,是
2024,4,22,一,2045472,2024-04-22,否
2024,4,23,二,2059332,2024-04-23,否
2024,4,24,三,2116598,2024-04-24,否
2024,4,25,四,2171339,2024-04-25,否
2024,4,26,五,2296627,2024-04-26,否
2024,4,27,六,1792818,2024-04-27,是
2024,4,28,日,1523809,2024-04-28,是
2024,4,29,一,2126394,2024-04-29,否
2024,4,30,二,2226532,2024-04-30,否
2024,5,1,三,1707706,2024-05-01,是
2024,5,2,四,2177867,2024-05-02,否
2024,5,3,五,2392227,2024-05-03,否
2024,5,4,六,1884123,2024-05-04,是
2024,5,5,日,1557946,2024-05-05,是
2024,5,6,一,2101983,2024-05-06,否
2024,5,7,二,2147419,2024-05-07,否
2024,5,8,三,2176481,2024-05-08,否
2024,5,9,四,2200240,2024-05-09,否
2024,5,10,五,2380934,2024-05-10,否
2024,5,11,六,1798856,2024-05-11,是
2024,5,12,日,1456869,2024-05-12,是
2024,5,13,一,2076049,2024-05-13,否
2024,5,14,二,2150762,2024-05-14,否
2024,5,15,三,2214471,2024-05-15,否
2024,5,16,四,2204654,2024-05-16,否
2024,5,17,五,2394196,2024-05-17,否
2024,5,18,六,1947076,2024-05-18,是
2024,5,19,日,1608860,2024-05-19,是
2024,5,20,一,2115236,2024-05-20,否
2024,5,21,二,2149371,2024-05-21,否
2024,5,22,三,2155124,2024-05-22,否
2024,5,23,四,2182144,2024-05-23,否
2024,5,24,五,2464956,2024-05-24,否
2024,5,25,六,1950111,2024-05-25,是
2024,5,26,日,1575129,2024-05-26,是
2024,5,27,一,2086463,2024-05-27,否
2024,5,28,二,2171419,2024-05-28,否
2024,5,29,三,2172604,2024-05-29,否
2024,5,30,四,2171388,2024-05-30,否
2024,5,31,五,2333623,2024-05-31,否
2024,6,1,六,1820462,2024-06-01,是
2024,6,2,日,1354567,2024-06-02,是
2024,6,3,一,2121728,2024-06-03,否
2024,6,4,二,2195190,2024-06-04,否
2024,6,5,三,2221856,2024-06-05,否
2024,6,6,四,2266221,2024-06-06,否
2024,6,7,五,2396462,2024-06-07,否
2024,6,8,六,1724984,2024-06-08,是
2024,6,9,日,1484056,2024-06-09,是
2024,6,10,一,1217552,2024-06-10,是
2024,6,11,二,2113128,2024-06-11,否
2024,6,12,三,2154277,2024-06-12,否
2024,6,13,四,2168760,2024-06-13,否
2024,6,14,五,2311834,2024-06-14,否
2024,6,15,六,1832762,2024-06-15,是
2024,6,16,日,1476039,2024-06-16,是
2024,6,17,一,2064115,2024-06-17,否
2024,6,18,二,2087798,2024-06-18,否
2024,6,19,三,2118117,2024-06-19,否
2024,6,20,四,2140657,2024-06-20,否
2024,6,21,五,2267031,2024-06-21,否
2024,6,22,六,1770026,2024-06-22,是
2024,6,23,日,1407233,2024-06-23,是
2024,6,24,一,1998715,2024-06-24,否
2024,6,25,二,2093341,2024-06-25,否
2024,6,26,三,2137293,2024-06-26,否
2024,6,27,四,2164377,2024-06-27,否
2024,6,28,五,2339473,2024-06-28,否
2024,6,29,六,1803857,2024-06-29,是
2024,6,30,日,1492368,2024-06-30,是
2024,7,1,一,2012703,2024-07-01,否
2024,7,2,二,2042685,2024-07-02,否
2024,7,3,三,2089411,2024-07-03,否
2024,7,4,四,2087387,2024-07-04,否
2024,7,5,五,2240145,2024-07-05,否
2024,7,6,六,1759996,2024-07-06,是
2024,7,7,日,1474720,2024-07-07,是
2024,7,8,一,2006291,2024-07-08,否
2024,7,9,二,2078979,2024-07-09,否
2024,7,10,三,2089644,2024-07-10,否
2024,7,11,四,2154830,2024-07-11,否
2024,7,12,五,2244585,2024-07-12,否
2024,7,13,六,1796505,2024-07-13,是
2024,7,14,日,1544134,2024-07-14,是
2024,7,15,一,2049265,2024-07-15,否
2024,7,16,二,2101051,2024-07-16,否
2024,7,17,三,2157688,2024-07-17,否
2024,7,18,四,2126379,2024-07-18,否
2024,7,19,五,2247649,2024-07-19,否
2024,7,20,六,1821895,2024-07-20,是
2024,7,21,日,1513048,2024-07-21,是
2024,7,22,一,2030240,2024-07-22,否
2024,7,23,二,2065940,2024-07-23,否
2024,7,24,三,275223,2024-07-24,否
2024,7,25,四,506206,2024-07-25,否
2024,7,26,五,2350947,2024-07-26,否
2024,7,27,六,1894799,2024-07-27,是
2024,7,28,日,1619713,2024-07-28,是
2024,7,29,一,2152458,2024-07-29,否
2024,7,30,二,2126630,2024-07-30,否
2024,7,31,三,2183628,2024-07-31,否
2024,8,1,四,2144175,2024-08-01,否
2024,8,2,五,2258317,2024-08-02,否
2024,8,3,六,1794068,2024-08-03,是
2024,8,4,日,1456484,2024-08-04,是
2024,8,5,一,2039631,2024-08-05,否
2024,8,6,二,2129651,2024-08-06,否
2024,8,7,三,2151883,2024-08-07,否
2024,8,8,四,2112968,2024-08-08,否
2024,8,9,五,2287408,2024-08-09,否
2024,8,10,六,2015530,2024-08-10,是
2024,8,11,日,1588328,2024-08-11,是
2024,8,12,一,2065711,2024-08-12,否
2024,8,13,二,2122491,2024-08-13,否
2024,8,14,三,2126599,2024-08-14,否
2024,8,15,四,2109389,2024-08-15,否
2024,8,16,五,2279387,2024-08-16,否
2024,8,17,六,1762044,2024-08-17,是
2024,8,18,日,1432695,2024-08-18,是
2024,8,19,一,2025874,2024-08-19,否
2024,8,20,二,2117897,2024-08-20,否
2024,8,21,三,2179788,2024-08-21,否
2024,8,22,四,2189238,2024-08-22,否
2024,8,23,五,2300470,2024-08-23,否
2024,8,24,六,1896941,2024-08-24,是
2024,8,25,日,1601580,2024-08-25,是
2024,8,26,一,2036046,2024-08-26,否
2024,8,27,二,2106243,2024-08-27,否
2024,8,28,三,2104480,2024-08-28,否
2024,8,29,四,2063204,2024-08-29,否
2024,8,30,五,2245995,2024-08-30,否
2024,8,31,六,1761447,2024-08-31,是
2024,9,1,日,1426779,2024-09-01,是
2024,9,2,一,2053126,2024-09-02,否
2024,9,3,二,2130743,2024-09-03,是
2024,9,4,三,2179678,2024-09-04,否
2024,9,5,四,2203035,2024-09-05,否
2024,9,6,五,2354434,2024-09-06,否
2024,9,7,六,1759007,2024-09-07,是
2024,9,8,日,1501976,2024-09-08,是
2024,9,9,一,2118429,2024-09-09,否
2024,9,10,二,2191348,2024-09-10,否
2024,9,11,三,2218724,2024-09-11,否
2024,9,12,四,2229133,2024-09-12,否
2024,9,13,五,2400806,2024-09-13,否
2024,9,14,六,1743473,2024-09-14,是
2024,9,15,日,1493262,2024-09-15,是
2024,9,16,一,2128252,2024-09-16,否
2024,9,17,二,1341056,2024-09-17,是
2024,9,18,三,2177859,2024-09-18,否
2024,9,19,四,2191117,2024-09-19,否
2024,9,20,五,2390573,2024-09-20,否
2024,9,21,六,1778720,2024-09-21,是
2024,9,22,日,1369273,2024-09-22,是
2024,9,23,一,2152017,2024-09-23,否
2024,9,24,二,2205822,2024-09-24,否
2024,9,25,三,2225130,2024-09-25,否
2024,9,26,四,2226290,2024-09-26,否
2024,9,27,五,2418743,2024-09-27,否
2024,9,28,六,1886930,2024-09-28,是
2024,9,29,日,1513940,2024-09-29,是
2024,9,30,一,2153975,2024-09-30,否
2024,10,1,二,2089601,2024-10-01,否
2024,10,2,三,618955,2024-10-02,否
2024,10,3,四,503883,2024-10-03,否
2024,10,4,五,2384523,2024-10-04,否
2024,10,5,六,1907665,2024-10-05,是
2024,10,6,日,1583721,2024-10-06,是
2024,10,7,一,2212613,2024-10-07,否
2024,10,8,二,2242561,2024-10-08,否
2024,10,9,三,2378515,2024-10-09,否
2024,10,10,四,1584263,2024-10-10,是
2024,10,11,五,2314394,2024-10-11,否
2024,10,12,六,1882812,2024-10-12,是
2024,10,13,日,1587088,2024-10-13,是
2024,10,14,一,2152826,2024-10-14,否
2024,10,15,二,2215476,2024-10-15,否
2024,10,16,三,2231636,2024-10-16,否
2024,10,17,四,2269505,2024-10-17,否
2024,10,18,五,2419306,2024-10-18,否
2024,10,19,六,2021564,2024-10-19,是
2024,10,20,日,1600516,2024-10-20,是
2024,10,21,一,2162904,2024-10-21,否
2024,10,22,二,2242196,2024-10-22,否
2024,10,23,三,2270292,2024-10-23,否
2024,10,24,四,2280793,2024-10-24,否
2024,10,25,五,2441599,2024-10-25,否
2024,10,26,六,2044344,2024-10-26,是
2024,10,27,日,1616962,2024-10-27,是
2024,10,28,一,2173622,2024-10-28,否
2024,10,29,二,2239094,2024-10-29,否
2024,10,30,三,2255219,2024-10-30,否
2024,10,31,四,191889,2024-10-31,否
2024,11,1,五,2321199,2024-11-01,否
2024,11,2,六,2006051,2024-11-02,是
2024,11,3,日,1621092,2024-11-03,是
2024,11,4,一,2211774,2024-11-04,否
2024,11,5,二,2251608,2024-11-05,否
2024,11,6,三,2268856,2024-11-06,否
2024,11,7,四,2317283,2024-11-07,否
2024,11,8,五,2484361,2024-11-08,否
2024,11,9,六,2019973,2024-11-09,是
2024,11,10,日,1662825,2024-11-10,是
2024,11,11,一,2209284,2024-11-11,否
2024,11,12,二,2258552,2024-11-12,否
2024,11,13,三,2322622,2024-11-13,否
2024,11,14,四,2333024,2024-11-14,否
2024,11,15,五,2539643,2024-11-15,否
2024,11,16,六,2072883,2024-11-16,是
2024,11,17,日,1728126,2024-11-17,是
2024,11,18,一,2285022,2024-11-18,否
2024,11,19,二,2268394,2024-11-19,否
2024,11,20,三,2301053,2024-11-20,否
2024,11,21,四,2296405,2024-11-21,否
2024,11,22,五,2477958,2024-11-22,否
2024,11,23,六,1985218,2024-11-23,是
2024,11,24,日,1654005,2024-11-24,是
2024,11,25,一,2208049,2024-11-25,否
2024,11,26,二,2268646,2024-11-26,否
2024,11,27,三,2304172,2024-11-27,否
2024,11,28,四,2336770,2024-11-28,否
2024,11,29,五,2528559,2024-11-29,否
2024,11,30,六,2071573,2024-11-30,是
2024,12,1,日,1729757,2024-12-01,是
2024,12,2,一,2208269,2024-12-02,否
2024,12,3,二,2266279,2024-12-03,否
2024,12,4,三,2307073,2024-12-04,否
2024,12,5,四,2377657,2024-12-05,否
2024,12,6,五,2585953,2024-12-06,否
2024,12,7,六,2204954,2024-12-07,是
2024,12,8,日,1786863,2024-12-08,是
2024,12,9,一,2234840,2024-12-09,否
2024,12,10,二,2302680,2024-12-10,否
2024,12,11,三,2328307,2024-12-11,否
2024,12,12,四,2346964,2024-12-12,否
2024,12,13,五,2538754,2024-12-13,否
2024,12,14,六,2160772,2024-12-14,是
2024,12,15,日,1818825,2024-12-15,是
2024,12,16,一,2224572,2024-12-16,否
2024,12,17,二,2307422,2024-12-17,否
2024,12,18,三,2333648,2024-12-18,否
2024,12,19,四,2338306,2024-12-19,否
2024,12,20,五,2605786,2024-12-20,否
2024,12,21,六,2128058,2024-12-21,是
2024,12,22,日,1813358,2024-12-22,是
2024,12,23,一,2309131,2024-12-23,否
2024,12,24,二,2408807,2024-12-24,否
2024,12,25,三,2454140,2024-12-25,否
2024,12,26,四,2385354,2024-12-26,否
2024,12,27,五,2572880,2024-12-27,否
2024,12,28,六,2080877,2024-12-28,是
2024,12,29,日,1776518,2024-12-29,是
2024,12,30,一,2329634,2024-12-30,否
2024,12,31,二,3126858,2024-12-31,否
2025,1,1,三,1464405,2025-01-01,是
2025,1,2,四,2256967,2025-01-02,否
2025,1,3,五,2414955,2025-01-03,否
2025,1,4,六,1885101,2025-01-04,是
2025,1,5,日,1552107,2025-01-05,是
2025,1,6,一,2191677,2025-01-06,否
2025,1,7,二,2245956,2025-01-07,否
2025,1,8,三,2269429,2025-01-08,否
2025,1,9,四,2243847,2025-01-09,否
2025,1,10,五,2423291,2025-01-10,否
2025,1,11,六,1980684,2025-01-11,是
2025,1,12,日,1651797,2025-01-12,是
2025,1,13,一,2179766,2025-01-13,否
2025,1,14,二,2254141,2025-01-14,否
2025,1,15,三,2213507,2025-01-15,否
2025,1,16,四,2258534,2025-01-16,否
2025,1,17,五,2483191,2025-01-17,否
2025,1,18,六,1962367,2025-01-18,是
2025,1,19,日,1596754,2025-01-19,是
2025,1,20,一,2274784,2025-01-20,否
2025,1,21,二,2274684,2025-01-21,否
2025,1,22,三,2268958,2025-01-22,否
2025,1,23,四,2257305,2025-01-23,否
2025,1,24,五,2293392,2025-01-24,否
2025,1,25,六,1637151,2025-01-25,是
2025,1,26,日,1358359,2025-01-26,是
2025,1,27,一,1169542,2025-01-27,是
2025,1,28,二,794456,2025-01-28,是
2025,1,29,三,1337804,2025-01-29,是
2025,1,30,四,1378038,2025-01-30,是
2025,1,31,五,1480486,2025-01-31,是
2025,2,1,六,1518958,2025-02-01,是
2025,2,2,日,1306343,2025-02-02,是
2025,2,3,一,1970738,2025-02-03,否
2025,2,4,二,2138092,2025-02-04,否
2025,2,5,三,2176583,2025-02-05,否
2025,2,6,四,2244794,2025-02-06,否
2025,2,7,五,2339571,2025-02-07,否
2025,2,8,六,2221141,2025-02-08,否
2025,2,9,日,1649641,2025-02-09,是
2025,2,10,一,2177555,2025-02-10,否
2025,2,11,二,2258030,2025-02-11,否
2025,2,12,三,2220642,2025-02-12,否
2025,2,13,四,2229118,2025-02-13,否
2025,2,14,五,2443051,2025-02-14,否
2025,2,15,六,2099842,2025-02-15,是
2025,2,16,日,1667682,2025-02-16,是
2025,2,17,一,2227976,2025-02-17,否
2025,2,18,二,2253671,2025-02-18,否
2025,2,19,三,2278476,2025-02-19,否
2025,2,20,四,2323561,2025-02-20,否
2025,2,21,五,2502361,2025-02-21,否
2025,2,22,六,2071903,2025-02-22,是
2025,2,23,日,1600475,2025-02-23,是
2025,2,24,一,2190858,2025-02-24,否
2025,2,25,二,2298232,2025-02-25,否
2025,2,26,三,2277934,2025-02-26,否
2025,2,27,四,2424181,2025-02-27,否
2025,2,28,五,1917452,2025-02-28,是
2025,3,1,六,1881018,2025-03-01,是
2025,3,2,日,1596163,2025-03-02,是
2025,3,3,一,2180719,2025-03-03,否
2025,3,4,二,2219921,2025-03-04,否
2025,3,5,三,2269197,2025-03-05,否
2025,3,6,四,2299582,2025-03-06,否
2025,3,7,五,2479594,2025-03-07,否
2025,3,8,六,1967951,2025-03-08,是
2025,3,9,日,1671590,2025-03-09,是
2025,3,10,一,2228348,2025-03-10,否
2025,3,11,二,2290380,2025-03-11,否
2025,3,12,三,2322591,2025-03-12,否
2025,3,13,四,2243004,2025-03-13,否
2025,3,14,五,2470174,2025-03-14,否
2025,3,15,六,1825241,2025-03-15,是
2025,3,16,日,1696403,2025-03-16,是
2025,3,17,一,2201449,2025-03-17,否
2025,3,18,二,2280395,2025-03-18,否
2025,3,19,三,2291999,2025-03-19,否
2025,3,20,四,2359685,2025-03-20,否
2025,3,21,五,2525400,2025-03-21,否
2025,3,22,六,2082910,2025-03-22,是
2025,3,23,日,1706063,2025-03-23,是
2025,3,24,一,2214890,2025-03-24,否
2025,3,25,二,2296341,2025-03-25,否
2025,3,26,三,2328404,2025-03-26,否
2025,3,27,四,2340288,2025-03-27,否
2025,3,28,五,2474347,2025-03-28,否
2025,3,29,六,1973844,2025-03-29,是
2025,3,30,日,1481845,2025-03-30,是
2025,3,31,一,2163210,2025-03-31,否
2025,4,1,二,2198359,2025-04-01,否
2025,4,2,三,2321346,2025-04-02,否
2025,4,3,四,1691733,2025-04-03,是
2025,4,4,五,1648336,2025-04-04,是
2025,4,5,六,1586302,2025-04-05,是
2025,4,6,日,1442646,2025-04-06,是
2025,4,7,一,2145337,2025-04-07,否
2025,4,8,二,2207916,2025-04-08,否
2025,4,9,三,2232680,2025-04-09,否
2025,4,10,四,2184078,2025-04-10,否
2025,4,11,五,2452078,2025-04-11,否
2025,4,12,六,1925135,2025-04-12,是
2025,4,13,日,1647435,2025-04-13,是
2025,4,14,一,2172930,2025-04-14,否
2025,4,15,二,2270803,2025-04-15,否
2025,4,16,三,2305038,2025-04-16,否
2025,4,17,四,2310644,2025-04-17,否
2025,4,18,五,2481868,2025-04-18,否
2025,4,19,六,2113136,2025-04-19,是
2025,4,20,日,1666196,2025-04-20,是
2025,4,21,一,2191581,2025-04-21,否
2025,4,22,二,2265262,2025-04-22,否
2025,4,23,三,2262418,2025-04-23,否
2025,4,24,四,2263032,2025-04-24,否
2025,4,25,五,2440954,2025-04-25,否
2025,4,26,六,2000671,2025-04-26,是
2025,4,27,日,1716938,2025-04-27,是
2025,4,28,一,2164719,2025-04-28,否
2025,4,29,二,2271296,2025-04-29,否
2025,4,30,三,2350995,2025-04-30,否
